chain_id,chain_name
ab4afe60-d68a-012e-5619-003048cad9da,Kumon Math and Reading Center
ab4b40e0-d68a-012e-5619-003048cad9da,United Healthcare
ab4af430-d68a-012e-5619-003048cad9da,Visiting Angels
ab4a8e70-d68a-012e-5619-003048cad9da,Huntington Learning Center
ab4b1e20-d68a-012e-5619-003048cad9da,Amateur Athletic Union of The United States
ab4aac90-d68a-012e-5619-003048cad9da,Child Evangelism Fellowship
ab4a6910-d68a-012e-5619-003048cad9da,Saturn
ab4a8f90-d68a-012e-5619-003048cad9da,Motion Industries
ab4ab3e0-d68a-012e-5619-003048cad9da,Honda
ab4ad0a0-d68a-012e-5619-003048cad9da,Hyundai
ab4bec50-d68a-012e-5619-003048cad9da,Infiniti
ab4bed40-d68a-012e-5619-003048cad9da,Chevrolet
ab4c37d0-d68a-012e-5619-003048cad9da,Volkswagen
ab4b11e0-d68a-012e-5619-003048cad9da,Toyota
ab4a4420-d68a-012e-5619-003048cad9da,Checker Auto Parts
ab4a6c00-d68a-012e-5619-003048cad9da,O'Reilly Auto Parts
ab4a8730-d68a-012e-5619-003048cad9da,Carquest Auto Parts
ab4c4e90-d68a-012e-5619-003048cad9da,Fisher Auto Parts
ab4c56e0-d68a-012e-5619-003048cad9da,Advance Auto Parts
ab4a3d90-d68a-012e-5619-003048cad9da,Monro Muffler Brake and Service
ab4b4270-d68a-012e-5619-003048cad9da,Pep Boys
ab4b1ba0-d68a-012e-5619-003048cad9da,Goodyear Auto Service Centers
ab4b4170-d68a-012e-5619-003048cad9da,Tuffy Auto Service Centers
ab4b6870-d68a-012e-5619-003048cad9da,Safelite Auto Glass
ab4b88e0-d68a-012e-5619-003048cad9da,Harmon Autoglass
ab4b6660-d68a-012e-5619-003048cad9da,Firestone Complete Auto Care Store
ab4bc930-d68a-012e-5619-003048cad9da,Maaco Auto Painting and Bodywork
ab4bd360-d68a-012e-5619-003048cad9da,Meineke Car Care Center
ab4c39d0-d68a-012e-5619-003048cad9da,Midas Auto Service Experts
ab4b0b50-d68a-012e-5619-003048cad9da,Precision Tune Auto Care
ab4a5300-d68a-012e-5619-003048cad9da,Jiffy Lube
ab4bac80-d68a-012e-5619-003048cad9da,All Tune and Lube
ab4add00-d68a-012e-5619-003048cad9da,Big O Tires
ab4a7b40-d68a-012e-5619-003048cad9da,Goodyear Tire Center
ab4af390-d68a-012e-5619-003048cad9da,National Tire and Battery
ab4b9100-d68a-012e-5619-003048cad9da,Tire Kingdom
ab4b8330-d68a-012e-5619-003048cad9da,AAMCO Transmissions
ab4a53f0-d68a-012e-5619-003048cad9da,Head Start
ab4bfd00-d68a-012e-5619-003048cad9da,The Goddard School
ab4a6d10-d68a-012e-5619-003048cad9da,KinderCare Learning Center
ab4ad6d0-d68a-012e-5619-003048cad9da,Alcoholics Anonymous
ab4c0440-d68a-012e-5619-003048cad9da,Gymboree Play and Music
ab4a37c0-d68a-012e-5619-003048cad9da,Sylvan Learning Center
ab4abf60-d68a-012e-5619-003048cad9da,Amvets
ab4be820-d68a-012e-5619-003048cad9da,National Guard
ab4a38e0-d68a-012e-5619-003048cad9da,American Red Cross
ab4aa880-d68a-012e-5619-003048cad9da,Loyal Order of Moose
ab4acb90-d68a-012e-5619-003048cad9da,Muscular Dystrophy Association
ab4afde0-d68a-012e-5619-003048cad9da,Salvation Army
ab4bb1a0-d68a-012e-5619-003048cad9da,American Federation of Teachers
ab4bf660-d68a-012e-5619-003048cad9da,Elks Lodge
ab4c1980-d68a-012e-5619-003048cad9da,American Heart Association
ab4c6590-d68a-012e-5619-003048cad9da,St Vincent De Paul Society
ab4b0cd0-d68a-012e-5619-003048cad9da,Mothers Against Drunk Driving
ab4a7820-d68a-012e-5619-003048cad9da,March of Dimes
ab4a5370-d68a-012e-5619-003048cad9da,Veterans of Foreign Wars
ab4a7cd0-d68a-012e-5619-003048cad9da,Boys and Girls Club
ab4a9410-d68a-012e-5619-003048cad9da,Young Life
ab4b39c0-d68a-012e-5619-003048cad9da,Boy Scouts of America
ab4b5330-d68a-012e-5619-003048cad9da,Big Brothers Big Sisters
ab4b9280-d68a-012e-5619-003048cad9da,WIC Program
ab4b9520-d68a-012e-5619-003048cad9da,YWCA
ab4bd980-d68a-012e-5619-003048cad9da,Meals On Wheels
ab4bf150-d68a-012e-5619-003048cad9da,YMCA
ab4c5ff0-d68a-012e-5619-003048cad9da,Volunteers of America
ab4c5a60-d68a-012e-5619-003048cad9da,Habitat for Humanity
ab4a72c0-d68a-012e-5619-003048cad9da,Rehab Care Group
ab4aa130-d68a-012e-5619-003048cad9da,Apria Healthcare
ab4ab950-d68a-012e-5619-003048cad9da,Lincare
ab4b54b0-d68a-012e-5619-003048cad9da,Fresenius Medical Care
ab4b59f0-d68a-012e-5619-003048cad9da,HealthSouth
ab4bbf60-d68a-012e-5619-003048cad9da,American Homepatient
ab4befc0-d68a-012e-5619-003048cad9da,Quest Diagnostics
ab4c5010-d68a-012e-5619-003048cad9da,Gambro Healthcare
ab4b9410-d68a-012e-5619-003048cad9da,Concentra Medical Center
ab4b9000-d68a-012e-5619-003048cad9da,Maxim Healthcare Services
ab4b23c0-d68a-012e-5619-003048cad9da,Home Helpers
ab4b84b0-d68a-012e-5619-003048cad9da,Home Instead Senior Care
ab4bf550-d68a-012e-5619-003048cad9da,Comfort Keepers
ab4b7660-d68a-012e-5619-003048cad9da,Right At Home
ab4c5ad0-d68a-012e-5619-003048cad9da,DaVita
ab4a5a30-d68a-012e-5619-003048cad9da,Same Day STD Testing
ab4a6c90-d68a-012e-5619-003048cad9da,Lab Corp
ab4b8620-d68a-012e-5619-003048cad9da,Beltone Hearing Aid Center
ab4bf5d0-d68a-012e-5619-003048cad9da,Hanger Prosthetics and Orthotics
ab4a5da0-d68a-012e-5619-003048cad9da,Interim Healthcare
ab4b0490-d68a-012e-5619-003048cad9da,Winn-Dixie
ab4b68e0-d68a-012e-5619-003048cad9da,Medicine Shoppe
ab4c03a0-d68a-012e-5619-003048cad9da,United Drugs
ab4c3290-d68a-012e-5619-003048cad9da,Cardinal Health
ab4be990-d68a-012e-5619-003048cad9da,Duane Reade
ab4bc270-d68a-012e-5619-003048cad9da,Fred's Store
ab4ac280-d68a-012e-5619-003048cad9da,Select Physical Therapy
ab4a6ea0-d68a-012e-5619-003048cad9da,Planned Parenthood
ab4ad950-d68a-012e-5619-003048cad9da,Vitamin World
ab4bc170-d68a-012e-5619-003048cad9da,Jenny Craig Weight Loss Center
ab4b8740-d68a-012e-5619-003048cad9da,Herbalife
ab4b6d20-d68a-012e-5619-003048cad9da,Vitamin Shoppe
ab4b41e0-d68a-012e-5619-003048cad9da,Cost Plus World Market
ab4b4a00-d68a-012e-5619-003048cad9da,Aarons Sales and Lease Ownership
ab4b6190-d68a-012e-5619-003048cad9da,Duckwall
ab4b70c0-d68a-012e-5619-003048cad9da,Brookstone
ab4b87d0-d68a-012e-5619-003048cad9da,Cartridge World
ab4a9ea0-d68a-012e-5619-003048cad9da,Mary Kay Cosmetics
ab4ae2b0-d68a-012e-5619-003048cad9da,Avon
ab4ae7c0-d68a-012e-5619-003048cad9da,Sally Beauty Supply
ab4b2e50-d68a-012e-5619-003048cad9da,Bath & Body Works
ab4c2ce0-d68a-012e-5619-003048cad9da,CosmoProf
ab4ab840-d68a-012e-5619-003048cad9da,Merle Norman Cosmetic Studio
ab4ae090-d68a-012e-5619-003048cad9da,Perfumania
ab4bbde0-d68a-012e-5619-003048cad9da,Barnes & Noble
ab4b9920-d68a-012e-5619-003048cad9da,Books-A-Million
ab4c6710-d68a-012e-5619-003048cad9da,Family Christian Stores
ab4c59d0-d68a-012e-5619-003048cad9da,Edible Arrangements
ab4c6420-d68a-012e-5619-003048cad9da,Hallmark Cards and Gifts
ab4aad20-d68a-012e-5619-003048cad9da,Babies R Us
ab4b1910-d68a-012e-5619-003048cad9da,Gymboree
ab4b2130-d68a-012e-5619-003048cad9da,Once Upon A Child
ab4bf4d0-d68a-012e-5619-003048cad9da,Children's Place
ab4bca20-d68a-012e-5619-003048cad9da,Rexel
ab4affd0-d68a-012e-5619-003048cad9da,Best Buy
ab4b3580-d68a-012e-5619-003048cad9da,Ritz Camera
ab4aa770-d68a-012e-5619-003048cad9da,Nextel
ab4c14f0-d68a-012e-5619-003048cad9da,Alltel
ab4b6ca0-d68a-012e-5619-003048cad9da,Metro PCS
ab4afd50-d68a-012e-5619-003048cad9da,T-Mobile
ab4a3740-d68a-012e-5619-003048cad9da,Verizon Wireless
ab4ac580-d68a-012e-5619-003048cad9da,Wireless Zone
ab4af110-d68a-012e-5619-003048cad9da,EB Games
ab4a6540-d68a-012e-5619-003048cad9da,Grainger Industrial Supply
ab4aa5e0-d68a-012e-5619-003048cad9da,84 Lumber
ab4b5740-d68a-012e-5619-003048cad9da,ProBuild
ab4b97a0-d68a-012e-5619-003048cad9da,Menards
ab4c05b0-d68a-012e-5619-003048cad9da,Stock Building Supply
ab4c47f0-d68a-012e-5619-003048cad9da,Daltile
ab4a4330-d68a-012e-5619-003048cad9da,QuikTrip
ab4a6250-d68a-012e-5619-003048cad9da,Mapco Express
ab4a6a90-d68a-012e-5619-003048cad9da,Turkey Hill
ab4a79b0-d68a-012e-5619-003048cad9da,Holiday Stationstores
ab4aaba0-d68a-012e-5619-003048cad9da,Convenient Food Mart
ab4ade90-d68a-012e-5619-003048cad9da,Sheetz
ab4b3890-d68a-012e-5619-003048cad9da,Wawa Food Market
ab4b4060-d68a-012e-5619-003048cad9da,Kwik Trip
ab4b6540-d68a-012e-5619-003048cad9da,Circle K
ab4bd470-d68a-012e-5619-003048cad9da,Kangaroo Express
ab4bd810-d68a-012e-5619-003048cad9da,Cumberland Farms
ab4c4d80-d68a-012e-5619-003048cad9da,Dairy Mart
ab4a7ec0-d68a-012e-5619-003048cad9da,Love's Travel Stop
ab4a9db0-d68a-012e-5619-003048cad9da,Sears
ab4ae6b0-d68a-012e-5619-003048cad9da,Saks Fifth Avenue
ab4b2dd0-d68a-012e-5619-003048cad9da,Big Lots
ab4c06c0-d68a-012e-5619-003048cad9da,Belk
ab4c1ea0-d68a-012e-5619-003048cad9da,Dillard's
ab4ae1a0-d68a-012e-5619-003048cad9da,HomeGoods
ab4b1690-d68a-012e-5619-003048cad9da,Kohl's Department Store
ab4bea40-d68a-012e-5619-003048cad9da,Nordstrom
ab4b3fe0-d68a-012e-5619-003048cad9da,Stein Mart
ab4bd270-d68a-012e-5619-003048cad9da,Claire's
ab4b1880-d68a-012e-5619-003048cad9da,Journeys
ab4acb20-d68a-012e-5619-003048cad9da,Simply Fashion
ab4a4540-d68a-012e-5619-003048cad9da,Bon Worth
ab4a5690-d68a-012e-5619-003048cad9da,Motherhood Maternity
ab4a6a00-d68a-012e-5619-003048cad9da,Patagonia
ab4a70c0-d68a-012e-5619-003048cad9da,Express
ab4a8ef0-d68a-012e-5619-003048cad9da,Limited Too
ab4a93a0-d68a-012e-5619-003048cad9da,Ann Taylor Loft
ab4abcd0-d68a-012e-5619-003048cad9da,Ann Taylor
ab4ad740-d68a-012e-5619-003048cad9da,Hot Topic
ab4ae010-d68a-012e-5619-003048cad9da,Catherines
ab4b09d0-d68a-012e-5619-003048cad9da,Plato's Closet
ab4b0ef0-d68a-012e-5619-003048cad9da,Urban Outfitters
ab4b15f0-d68a-012e-5619-003048cad9da,Victoria's Secret
ab4b1790-d68a-012e-5619-003048cad9da,Aeropostale
ab4b1b10-d68a-012e-5619-003048cad9da,Christopher & Banks
ab4b1ea0-d68a-012e-5619-003048cad9da,Abercrombie & Fitch
ab4b22b0-d68a-012e-5619-003048cad9da,Casual Male XL
ab4b29d0-d68a-012e-5619-003048cad9da,H&M
ab4b3b50-d68a-012e-5619-003048cad9da,Forever 21
ab4b3e60-d68a-012e-5619-003048cad9da,Cache
ab4b5640-d68a-012e-5619-003048cad9da,White House Black Market
ab4b56c0-d68a-012e-5619-003048cad9da,J Crew
ab4b6010-d68a-012e-5619-003048cad9da,Fossil
ab4b8950-d68a-012e-5619-003048cad9da,Justice Just for Girls
ab4b9370-d68a-012e-5619-003048cad9da,Guess
ab4bb430-d68a-012e-5619-003048cad9da,C J Banks
ab4bc0e0-d68a-012e-5619-003048cad9da,Coldwater Creek
ab4bc600-d68a-012e-5619-003048cad9da,Jos. A. Bank
ab4bd3f0-d68a-012e-5619-003048cad9da,Men's Wearhouse
ab4bdbd0-d68a-012e-5619-003048cad9da,Burlington Coat Factory
ab4bdde0-d68a-012e-5619-003048cad9da,Zumiez
ab4bf350-d68a-012e-5619-003048cad9da,Fashion Bug
ab4c13e0-d68a-012e-5619-003048cad9da,Maurices
ab4c2220-d68a-012e-5619-003048cad9da,Van Heusen
ab4c2c60-d68a-012e-5619-003048cad9da,Eddie Bauer
ab4c4050-d68a-012e-5619-003048cad9da,Ross Dress for Less
ab4c4340-d68a-012e-5619-003048cad9da,Avenue
ab4c4450-d68a-012e-5619-003048cad9da,Hollister
ab4c4540-d68a-012e-5619-003048cad9da,Citi Trends
ab4c5b70-d68a-012e-5619-003048cad9da,Spencer Gifts
ab4c5d00-d68a-012e-5619-003048cad9da,Buckle
ab4c27c0-d68a-012e-5619-003048cad9da,American Eagle Outfitters
ab4b28e0-d68a-012e-5619-003048cad9da,Anthropologie
ab4c4250-d68a-012e-5619-003048cad9da,Banana Republic
ab4a7240-d68a-012e-5619-003048cad9da,Charlotte Russe
ab4b9590-d68a-012e-5619-003048cad9da,Deb Shops
ab4c12f0-d68a-012e-5619-003048cad9da,Dress Barn
ab4af4b0-d68a-012e-5619-003048cad9da,Factory Connection
ab4aeb50-d68a-012e-5619-003048cad9da,Gap
ab4a88c0-d68a-012e-5619-003048cad9da,Lane Bryant
ab4aa1b0-d68a-012e-5619-003048cad9da,Lids
ab4b3610-d68a-012e-5619-003048cad9da,Chico's
ab4a8960-d68a-012e-5619-003048cad9da,Marshalls
ab4bbad0-d68a-012e-5619-003048cad9da,Old Navy
ab4b0290-d68a-012e-5619-003048cad9da,PAC Sun
ab4b69f0-d68a-012e-5619-003048cad9da,Rue 21
ab4c02b0-d68a-012e-5619-003048cad9da,Peebles
ab4ac890-d68a-012e-5619-003048cad9da,Limited
ab4b1c20-d68a-012e-5619-003048cad9da,Wet Seal
ab4a5b90-d68a-012e-5619-003048cad9da,Zales Jewelers
ab4b5c00-d68a-012e-5619-003048cad9da,Gordon's Jewelers
ab4c1590-d68a-012e-5619-003048cad9da,Piercing Pagoda
ab4c3f10-d68a-012e-5619-003048cad9da,Kay Jewelers
ab4b21b0-d68a-012e-5619-003048cad9da,Helzberg Diamonds
ab4a5aa0-d68a-012e-5619-003048cad9da,Shoe Show
ab4a6e30-d68a-012e-5619-003048cad9da,Foot Locker
ab4ae430-d68a-012e-5619-003048cad9da,Aldo
ab4b1db0-d68a-012e-5619-003048cad9da,Lady Foot Locker
ab4b32e0-d68a-012e-5619-003048cad9da,Finish Line
ab4b4b10-d68a-012e-5619-003048cad9da,Famous Footwear
ab4b7370-d68a-012e-5619-003048cad9da,Athlete's Foot
ab4b9b70-d68a-012e-5619-003048cad9da,Bass
ab4bb3c0-d68a-012e-5619-003048cad9da,Nine West
ab4be7a0-d68a-012e-5619-003048cad9da,Footaction USA
ab4c0f50-d68a-012e-5619-003048cad9da,Payless Shoe Source
ab4afa60-d68a-012e-5619-003048cad9da,Crocs
ab4bd890-d68a-012e-5619-003048cad9da,Rack Room Shoes
ab4c5310-d68a-012e-5619-003048cad9da,Puma
ab4bd910-d68a-012e-5619-003048cad9da,Red Wing Shoe Store
ab4b8f80-d68a-012e-5619-003048cad9da,Shoe Carnival
ab4a9080-d68a-012e-5619-003048cad9da,Stride Rite
ab4abd60-d68a-012e-5619-003048cad9da,Candy Bouquet
ab4c1370-d68a-012e-5619-003048cad9da,Shaklee Distributor
ab4a6f50-d68a-012e-5619-003048cad9da,Bed Bath & Beyond
ab4a7d40-d68a-012e-5619-003048cad9da,ColorTyme
ab4abed0-d68a-012e-5619-003048cad9da,Furniture Medic
ab4ac0f0-d68a-012e-5619-003048cad9da,Ashley Furniture Homestore
ab4c44c0-d68a-012e-5619-003048cad9da,RentWay
ab4af730-d68a-012e-5619-003048cad9da,Anna's Linens
ab4b2a50-d68a-012e-5619-003048cad9da,Bassett Furniture
ab4c1b80-d68a-012e-5619-003048cad9da,Bombay Company
ab4c2120-d68a-012e-5619-003048cad9da,Crate & Barrel
ab4c3010-d68a-012e-5619-003048cad9da,Indoff
ab4c3080-d68a-012e-5619-003048cad9da,La-Z-Boy Furniture Galleries
ab4a9320-d68a-012e-5619-003048cad9da,Mattress Discounters
ab4a3c70-d68a-012e-5619-003048cad9da,Mattress Firm
ab4bfc00-d68a-012e-5619-003048cad9da,Mattress Giant
ab4bba60-d68a-012e-5619-003048cad9da,Pier 1 Imports
ab4b77f0-d68a-012e-5619-003048cad9da,Pottery Barn
ab4be200-d68a-012e-5619-003048cad9da,Select Comfort
ab4bf450-d68a-012e-5619-003048cad9da,Sleepys The Mattress Pros
ab4aa7f0-d68a-012e-5619-003048cad9da,Disney Store
ab4a43b0-d68a-012e-5619-003048cad9da,Yankee Candle Co.
ab4ba5e0-d68a-012e-5619-003048cad9da,Things Remembered
ab4a6fd0-d68a-012e-5619-003048cad9da,Sunglass Hut
ab4b0200-d68a-012e-5619-003048cad9da,Cole Vision Corporation
ab4b3790-d68a-012e-5619-003048cad9da,American Optometric Association
ab4b72e0-d68a-012e-5619-003048cad9da,National Vision
ab4bbc60-d68a-012e-5619-003048cad9da,LensCrafters
ab4b8530-d68a-012e-5619-003048cad9da,Pearle Vision
ab4a89e0-d68a-012e-5619-003048cad9da,Jo-Ann Fabrics and Crafts
ab4bcf40-d68a-012e-5619-003048cad9da,Build A Bear
ab4bff90-d68a-012e-5619-003048cad9da,Hobby Lobby
ab4c49f0-d68a-012e-5619-003048cad9da,HobbyTown USA
ab4a3860-d68a-012e-5619-003048cad9da,Michaels Arts and Crafts
ab4aa340-d68a-012e-5619-003048cad9da,Fye
ab4b1360-d68a-012e-5619-003048cad9da,Blockbuster Video
ab4bd710-d68a-012e-5619-003048cad9da,Family Video
ab4b9820-d68a-012e-5619-003048cad9da,Guitar Center
ab4a9290-d68a-012e-5619-003048cad9da,Lesco Service Center
ab4af180-d68a-012e-5619-003048cad9da,Ez Pawn
ab4ad020-d68a-012e-5619-003048cad9da,Pet Valu
ab4c62f0-d68a-012e-5619-003048cad9da,Wild Birds Unlimited
ab4c57d0-d68a-012e-5619-003048cad9da,Petco
ab4b1580-d68a-012e-5619-003048cad9da,PetSmart
ab4b2340-d68a-012e-5619-003048cad9da,Pet Supplies Plus
ab4c6820-d68a-012e-5619-003048cad9da,The Great Frame Up
ab4b3ce0-d68a-012e-5619-003048cad9da,FastFrame
ab4a8b60-d68a-012e-5619-003048cad9da,Hibbett Sports
ab4b2020-d68a-012e-5619-003048cad9da,Big 5 Sporting Goods
ab4b9be0-d68a-012e-5619-003048cad9da,Under Armour
ab4bf890-d68a-012e-5619-003048cad9da,Play It Again Sports
ab4c1790-d68a-012e-5619-003048cad9da,Dick's Sporting Goods
ab4c6b60-d68a-012e-5619-003048cad9da,Nike
ab4b5130-d68a-012e-5619-003048cad9da,Sports Authority
ab4a7c20-d68a-012e-5619-003048cad9da,Trader Joe's
ab4a7dc0-d68a-012e-5619-003048cad9da,Giant Eagle
ab4ac1f0-d68a-012e-5619-003048cad9da,Stop and Shop
ab4aed60-d68a-012e-5619-003048cad9da,Piggly Wiggly
ab4af840-d68a-012e-5619-003048cad9da,Giant Food
ab4b1170-d68a-012e-5619-003048cad9da,Stater Bros.
ab4b33f0-d68a-012e-5619-003048cad9da,Kroger
ab4b7b10-d68a-012e-5619-003048cad9da,Harris Teeter
ab4b7ea0-d68a-012e-5619-003048cad9da,Bi-Lo Supermarket
ab4b8ce0-d68a-012e-5619-003048cad9da,Publix Super Market
ab4bcc30-d68a-012e-5619-003048cad9da,Ralphs
ab4bd580-d68a-012e-5619-003048cad9da,Aldi
ab4c3210-d68a-012e-5619-003048cad9da,Whole Foods Market
ab4c35a0-d68a-012e-5619-003048cad9da,HEB
ab4c69b0-d68a-012e-5619-003048cad9da,Smart and Final
ab4c6bd0-d68a-012e-5619-003048cad9da,Shaw's Supermarket
ab4ad650-d68a-012e-5619-003048cad9da,Food Lion
ab4b7e20-d68a-012e-5619-003048cad9da,Fresh & Easy
ab4bcbb0-d68a-012e-5619-003048cad9da,Hy-Vee
ab4ba660-d68a-012e-5619-003048cad9da,Safeway
ab4bf3d0-d68a-012e-5619-003048cad9da,Save-A-Lot
ab4b4c10-d68a-012e-5619-003048cad9da,Toys R Us
ab4ad860-d68a-012e-5619-003048cad9da,Salvation Army Thrift Store
ab4b83a0-d68a-012e-5619-003048cad9da,Tuesday Morning
ab4ac990-d68a-012e-5619-003048cad9da,99 Cents Only Stores
ab4c0fd0-d68a-012e-5619-003048cad9da,Dollar Tree
ab4b81a0-d68a-012e-5619-003048cad9da,Kmart
ab4b3170-d68a-012e-5619-003048cad9da,TJ Maxx
ab4b3f70-d68a-012e-5619-003048cad9da,David's Bridal
ab4ab8b0-d68a-012e-5619-003048cad9da,Office Depot
ab4b66e0-d68a-012e-5619-003048cad9da,Staples
ab4bafe0-d68a-012e-5619-003048cad9da,City Electric Supply
ab4c1720-d68a-012e-5619-003048cad9da,Ikon Office Solutions
ab4a64d0-d68a-012e-5619-003048cad9da,Cintas The Uniform People
ab4a78c0-d68a-012e-5619-003048cad9da,Harbor Freight Tools
ab4ae9c0-d68a-012e-5619-003048cad9da,Office Max
ab4c29e0-d68a-012e-5619-003048cad9da,Party City
ab4a6340-d68a-012e-5619-003048cad9da,Picture People
ab4b3470-d68a-012e-5619-003048cad9da,Picture Me Portrait Studios
ab4b3a40-d68a-012e-5619-003048cad9da,Olan Mills Portrait Studio
ab4a7f40-d68a-012e-5619-003048cad9da,Comcast Spotlight
ab4b7140-d68a-012e-5619-003048cad9da,Embroidme
ab4a4000-d68a-012e-5619-003048cad9da,Tractor Supply Co.
ab4c1c10-d68a-012e-5619-003048cad9da,Presentation Services
ab4baf50-d68a-012e-5619-003048cad9da,RGIS Inventory Specialists
ab4aca10-d68a-012e-5619-003048cad9da,Volt Services Group
ab4a3f80-d68a-012e-5619-003048cad9da,Praxair
ab4aec70-d68a-012e-5619-003048cad9da,Airgas
ab4b3bd0-d68a-012e-5619-003048cad9da,Suburban Propane
ab4ad8d0-d68a-012e-5619-003048cad9da,Amerigas
ab4a6140-d68a-012e-5619-003048cad9da,Aerotek
ab4a6450-d68a-012e-5619-003048cad9da,Remedy Intelligent Staffing
ab4a9fb0-d68a-012e-5619-003048cad9da,Manpower
ab4b0590-d68a-012e-5619-003048cad9da,Randstad
ab4b7040-d68a-012e-5619-003048cad9da,Labor Finders
ab4bc1f0-d68a-012e-5619-003048cad9da,Staffmark
ab4c2950-d68a-012e-5619-003048cad9da,Labor Ready
ab4c40c0-d68a-012e-5619-003048cad9da,Adecco Employment Services
ab4c0200-d68a-012e-5619-003048cad9da,Accountemps
ab4abad0-d68a-012e-5619-003048cad9da,Kelly Services
ab4a9530-d68a-012e-5619-003048cad9da,OfficeTeam
ab4b6b60-d68a-012e-5619-003048cad9da,Spherion
ab4aab20-d68a-012e-5619-003048cad9da,Westaff
ab4ac080-d68a-012e-5619-003048cad9da,UBS Financial Services
ab4ac720-d68a-012e-5619-003048cad9da,Household Finance
ab4ac790-d68a-012e-5619-003048cad9da,Padgett Business Services
ab4b0bd0-d68a-012e-5619-003048cad9da,Chicago Title Insurance Co.
ab4c1160-d68a-012e-5619-003048cad9da,Western Union
ab4c11d0-d68a-012e-5619-003048cad9da,Thrivent Financial for Lutherans
ab4bf770-d68a-012e-5619-003048cad9da,Security Finance
ab4aa660-d68a-012e-5619-003048cad9da,Instant Tax Service
ab4ab740-d68a-012e-5619-003048cad9da,Liberty Tax Service
ab4a3f10-d68a-012e-5619-003048cad9da,Bank One
ab4a45b0-d68a-012e-5619-003048cad9da,Amsouth Bank
ab4a4630-d68a-012e-5619-003048cad9da,TCF Bank
ab4a4c60-d68a-012e-5619-003048cad9da,Webster Bank
ab4a4d60-d68a-012e-5619-003048cad9da,First Federal Bank
ab4a5890-d68a-012e-5619-003048cad9da,Sovereign Bank
ab4a5ea0-d68a-012e-5619-003048cad9da,Woodforest National Bank
ab4a77b0-d68a-012e-5619-003048cad9da,Peoples Bank
ab4a7bb0-d68a-012e-5619-003048cad9da,M&I Bank
ab4a7e30-d68a-012e-5619-003048cad9da,RBC Bank
ab4a9f20-d68a-012e-5619-003048cad9da,Fifth Third Bank
ab4aa990-d68a-012e-5619-003048cad9da,First State Bank
ab4ac3f0-d68a-012e-5619-003048cad9da,Flagstar Bank
ab4acdb0-d68a-012e-5619-003048cad9da,Farmers State Bank
ab4aceb0-d68a-012e-5619-003048cad9da,First Tennessee Bank
ab4ada00-d68a-012e-5619-003048cad9da,Bank of The West
ab4adf00-d68a-012e-5619-003048cad9da,Commerce Bank
ab4ae4b0-d68a-012e-5619-003048cad9da,Provident Bank
ab4aecf0-d68a-012e-5619-003048cad9da,M&T Bank
ab4af290-d68a-012e-5619-003048cad9da,Huntington National Bank
ab4b0c50-d68a-012e-5619-003048cad9da,First Community Bank
ab4b0fe0-d68a-012e-5619-003048cad9da,First Financial Bank
ab4b2440-d68a-012e-5619-003048cad9da,First Citizens Bank
ab4b2960-d68a-012e-5619-003048cad9da,Farmers and Merchants Bank
ab4b4b90-d68a-012e-5619-003048cad9da,Regions Bank
ab4b5010-d68a-012e-5619-003048cad9da,Smith Barney
ab4b7900-d68a-012e-5619-003048cad9da,First American Bank
ab4b8420-d68a-012e-5619-003048cad9da,BB&T
ab4baab0-d68a-012e-5619-003048cad9da,Morgan Stanley
ab4bccb0-d68a-012e-5619-003048cad9da,Commercial Federal Bank
ab4be280-d68a-012e-5619-003048cad9da,Comerica Bank
ab4be6b0-d68a-012e-5619-003048cad9da,Southtrust Bank
ab4beac0-d68a-012e-5619-003048cad9da,Heritage Bank
ab4bef30-d68a-012e-5619-003048cad9da,US Bank
ab4c07b0-d68a-012e-5619-003048cad9da,Associated Bank
ab4c1fa0-d68a-012e-5619-003048cad9da,Chevy Chase Bank
ab4c2010-d68a-012e-5619-003048cad9da,Harris Bank
ab4c2330-d68a-012e-5619-003048cad9da,Rabobank
ab4c2ef0-d68a-012e-5619-003048cad9da,Capital One Bank
ab4c4bf0-d68a-012e-5619-003048cad9da,Guaranty Bank
ab4c4ce0-d68a-012e-5619-003048cad9da,Colonial Bank
ab4c5110-d68a-012e-5619-003048cad9da,First Convenience Bank
ab4c5960-d68a-012e-5619-003048cad9da,Securities America
ab4c66a0-d68a-012e-5619-003048cad9da,Morgan Stanley Smith Barney
ab4c6a60-d68a-012e-5619-003048cad9da,Valley National Bank
ab4c0640-d68a-012e-5619-003048cad9da,Compass Bank
ab4b4500-d68a-012e-5619-003048cad9da,Bank of New York
ab4bc3f0-d68a-012e-5619-003048cad9da,Charter One Bank
ab4aa540-d68a-012e-5619-003048cad9da,TD Bank
ab4a5490-d68a-012e-5619-003048cad9da,Check 'N Go
ab4b7a10-d68a-012e-5619-003048cad9da,Checksmart
ab4bb060-d68a-012e-5619-003048cad9da,Cash Store
ab4c3190-d68a-012e-5619-003048cad9da,Money Mart
ab4c61e0-d68a-012e-5619-003048cad9da,First American Cash Advance
ab4b6760-d68a-012e-5619-003048cad9da,Ace Cash Express
ab4a8040-d68a-012e-5619-003048cad9da,Amscot
ab4bb9e0-d68a-012e-5619-003048cad9da,Advance America
ab4a4180-d68a-012e-5619-003048cad9da,Axa Advisors
ab4a6d90-d68a-012e-5619-003048cad9da,Ameriprise Financial
ab4aa0a0-d68a-012e-5619-003048cad9da,A G Edwards and Sons Inc.
ab4aedf0-d68a-012e-5619-003048cad9da,Prudential Financial
ab4b5090-d68a-012e-5619-003048cad9da,Royal Alliance Associates
ab4ba760-d68a-012e-5619-003048cad9da,LPL Financial Services
ab4bad80-d68a-012e-5619-003048cad9da,Principal Financial Group
ab4bcaa0-d68a-012e-5619-003048cad9da,Fidelity Investments
ab4bd610-d68a-012e-5619-003048cad9da,Merrill Lynch
ab4bf250-d68a-012e-5619-003048cad9da,Raymond James Financial Services
ab4c1f20-d68a-012e-5619-003048cad9da,Jones Lang Lasalle
ab4c43d0-d68a-012e-5619-003048cad9da,Waddell and Reed
ab4a9210-d68a-012e-5619-003048cad9da,Farm Bureau Financial Services
ab4b0510-d68a-012e-5619-003048cad9da,Northwestern Mutual Financial Network
ab4bd150-d68a-012e-5619-003048cad9da,Primerica Financial Services
ab4b91f0-d68a-012e-5619-003048cad9da,World Financial Group
ab4a7580-d68a-012e-5619-003048cad9da,Primary Residential Mortgage
ab4adf80-d68a-012e-5619-003048cad9da,First Horizon Home Loans
ab4af000-d68a-012e-5619-003048cad9da,Title Max
ab4b2220-d68a-012e-5619-003048cad9da,GMAC Mortgage
ab4b2750-d68a-012e-5619-003048cad9da,Ez Money
ab4b3940-d68a-012e-5619-003048cad9da,American Home Mortgage
ab4bf040-d68a-012e-5619-003048cad9da,American General Financial Service
ab4c46e0-d68a-012e-5619-003048cad9da,Allied Home Mortgage Capital
ab4a96a0-d68a-012e-5619-003048cad9da,Sunset Mortgage
ab4b5b60-d68a-012e-5619-003048cad9da,Coca-Cola
ab4a4090-d68a-012e-5619-003048cad9da,Culligan Water Conditioning
ab4adc10-d68a-012e-5619-003048cad9da,Aramark
ab4b2fd0-d68a-012e-5619-003048cad9da,Lowe's
ab4bc890-d68a-012e-5619-003048cad9da,Lumber Liquidators
ab4a7440-d68a-012e-5619-003048cad9da,D R Horton
ab4bc060-d68a-012e-5619-003048cad9da,Ryland Homes
ab4bc370-d68a-012e-5619-003048cad9da,Turner Construction
ab4bdf60-d68a-012e-5619-003048cad9da,Lennar Homes
ab4c1690-d68a-012e-5619-003048cad9da,Ryan Homes
ab4aaa10-d68a-012e-5619-003048cad9da,Beazer Homes
ab4baec0-d68a-012e-5619-003048cad9da,KB Home
ab4bc460-d68a-012e-5619-003048cad9da,Mr. Handyman
ab4a4110-d68a-012e-5619-003048cad9da,Sunbelt Rentals
ab4bdef0-d68a-012e-5619-003048cad9da,Pella Windows and Doors
ab4bff20-d68a-012e-5619-003048cad9da,Binswanger Glass
ab4b86c0-d68a-012e-5619-003048cad9da,Budget Blinds
ab4a3d00-d68a-012e-5619-003048cad9da,Glass Doctor
ab4c3850-d68a-012e-5619-003048cad9da,Home Depot
ab4bf2e0-d68a-012e-5619-003048cad9da,Fastenal
ab4b20a0-d68a-012e-5619-003048cad9da,True Value Hardware
ab4a48c0-d68a-012e-5619-003048cad9da,United Refrigeration
ab4a7940-d68a-012e-5619-003048cad9da,Aerus Electrolux
ab4b7460-d68a-012e-5619-003048cad9da,Kirby Co.
ab4b9720-d68a-012e-5619-003048cad9da,Oreck
ab4acc30-d68a-012e-5619-003048cad9da,HomeTeam Inspection Service
ab4a95b0-d68a-012e-5619-003048cad9da,Williams-Sonoma
ab4bb4c0-d68a-012e-5619-003048cad9da,Interiors by Decorating Den
ab4b4f10-d68a-012e-5619-003048cad9da,John Deere Landscapes
ab4b7780-d68a-012e-5619-003048cad9da,Trugreen
ab4b0950-d68a-012e-5619-003048cad9da,Two Men and A Truck
ab4bc9b0-d68a-012e-5619-003048cad9da,ICI Paints
ab4a6790-d68a-012e-5619-003048cad9da,Certapro Painters
ab4ac920-d68a-012e-5619-003048cad9da,Orkin Pest and Termite Control
ab4ba860-d68a-012e-5619-003048cad9da,Terminix
ab4c1d20-d68a-012e-5619-003048cad9da,Mr. Rooter
ab4b1aa0-d68a-012e-5619-003048cad9da,Extra Space Storage
ab4b58e0-d68a-012e-5619-003048cad9da,Uncle Bob's Self Storage
ab4c4760-d68a-012e-5619-003048cad9da,U-Store-It
ab4c5860-d68a-012e-5619-003048cad9da,Public Storage
ab4be520-d68a-012e-5619-003048cad9da,Applied Industrial Technologies
ab4c1a00-d68a-012e-5619-003048cad9da,Jk Harris and Company
ab4a39d0-d68a-012e-5619-003048cad9da,Aflac
ab4a5ca0-d68a-012e-5619-003048cad9da,First Student
ab4a8ce0-d68a-012e-5619-003048cad9da,MetLife
ab4a91a0-d68a-012e-5619-003048cad9da,Modern Woodmen of America
ab4a94a0-d68a-012e-5619-003048cad9da,Bankers Life and Casualty Co.
ab4a97b0-d68a-012e-5619-003048cad9da,Erie Insurance
ab4a9e30-d68a-012e-5619-003048cad9da,American Family Insurance
ab4aa6e0-d68a-012e-5619-003048cad9da,Fidelity National Title
ab4ab1d0-d68a-012e-5619-003048cad9da,United American Insurance
ab4abe50-d68a-012e-5619-003048cad9da,New York Life Insurance
ab4acd30-d68a-012e-5619-003048cad9da,Custard Insurance Adjusters
ab4b2840-d68a-012e-5619-003048cad9da,Liberty National Life Insurance Co.
ab4b4490-d68a-012e-5619-003048cad9da,Monumental Life Insurance Co.
ab4b57e0-d68a-012e-5619-003048cad9da,AAA Insurance
ab4b98b0-d68a-012e-5619-003048cad9da,Federated Insurance
ab4bd780-d68a-012e-5619-003048cad9da,American National Insurance Company
ab4be920-d68a-012e-5619-003048cad9da,Farmers Union Insurance
ab4c0110-d68a-012e-5619-003048cad9da,Fred Loya Insurance
ab4b55c0-d68a-012e-5619-003048cad9da,Alfa Insurance
ab4a5180-d68a-012e-5619-003048cad9da,Allstate Insurance
ab4bc690-d68a-012e-5619-003048cad9da,First American Title
ab4b8bd0-d68a-012e-5619-003048cad9da,Country Insurance and Financial Services
ab4b08d0-d68a-012e-5619-003048cad9da,Horace Mann Insurance
ab4b53b0-d68a-012e-5619-003048cad9da,Liberty Mutual Group
ab4aea60-d68a-012e-5619-003048cad9da,Nationwide Insurance
ab4c6ae0-d68a-012e-5619-003048cad9da,Progressive Insurance
ab4c0840-d68a-012e-5619-003048cad9da,Sentry Insurance
ab4a44c0-d68a-012e-5619-003048cad9da,Stewart Title Co.
ab4c4f80-d68a-012e-5619-003048cad9da,Iron Mountain
ab4ac820-d68a-012e-5619-003048cad9da,International Paper
ab4af5a0-d68a-012e-5619-003048cad9da,Postal Annex
ab4b8e80-d68a-012e-5619-003048cad9da,Pak Mail
ab4b0d40-d68a-012e-5619-003048cad9da,One Hour Martinizing
ab4bb2c0-d68a-012e-5619-003048cad9da,Comet Cleaners
ab4b74e0-d68a-012e-5619-003048cad9da,American Laser Center
ab4a3ad0-d68a-012e-5619-003048cad9da,Smartstyle
ab4ae120-d68a-012e-5619-003048cad9da,Pro-Cuts
ab4b0380-d68a-012e-5619-003048cad9da,Master Cuts
ab4b2ec0-d68a-012e-5619-003048cad9da,Fantastic Sams
ab4bf1d0-d68a-012e-5619-003048cad9da,Great Clips
ab4bf980-d68a-012e-5619-003048cad9da,Hair Masters
ab4c5bf0-d68a-012e-5619-003048cad9da,A Cut Above
ab4a7150-d68a-012e-5619-003048cad9da,Cost Cutters
ab4a5580-d68a-012e-5619-003048cad9da,Hair Cuttery
ab4a3bd0-d68a-012e-5619-003048cad9da,Sport Clips
ab4ba2c0-d68a-012e-5619-003048cad9da,Supercuts
ab4b1710-d68a-012e-5619-003048cad9da,Regal Nails
ab4a5c10-d68a-012e-5619-003048cad9da,Massage Envy
ab4a5990-d68a-012e-5619-003048cad9da,Trade Secret
ab4af640-d68a-012e-5619-003048cad9da,Planet Beach
ab4b3c40-d68a-012e-5619-003048cad9da,Hollywood Tans
ab4aaa90-d68a-012e-5619-003048cad9da,Sir Speedy Printing Centers
ab4ac610-d68a-012e-5619-003048cad9da,Signs Now
ab4b31f0-d68a-012e-5619-003048cad9da,Minuteman Press
ab4b5860-d68a-012e-5619-003048cad9da,Pip Printing
ab4c4e10-d68a-012e-5619-003048cad9da,Kwik Kopy Printing
ab4b9080-d68a-012e-5619-003048cad9da,Alphagraphics
ab4bf6f0-d68a-012e-5619-003048cad9da,Fastsigns
ab4bfb80-d68a-012e-5619-003048cad9da,Sign-A-Rama
ab4b0de0-d68a-012e-5619-003048cad9da,Signs by Tomorrow
ab4ae320-d68a-012e-5619-003048cad9da,Classic Cleaners
ab4b0180-d68a-012e-5619-003048cad9da,Servicemaster Clean
ab4bb120-d68a-012e-5619-003048cad9da,Cleaning Authority
ab4be070-d68a-012e-5619-003048cad9da,Molly Maid
ab4c6630-d68a-012e-5619-003048cad9da,Fish Window Cleaning
ab4b4d10-d68a-012e-5619-003048cad9da,Merry Maids
ab4a6700-d68a-012e-5619-003048cad9da,Clayton Homes
ab4b0a60-d68a-012e-5619-003048cad9da,Toll Brothers
ab4b3680-d68a-012e-5619-003048cad9da,Pulte Homes
ab4b6db0-d68a-012e-5619-003048cad9da,Servpro
ab4c2ae0-d68a-012e-5619-003048cad9da,Centex Homes
ab4a8240-d68a-012e-5619-003048cad9da,Archstone
ab4b6a60-d68a-012e-5619-003048cad9da,CB Richard Ellis
ab4ac690-d68a-012e-5619-003048cad9da,Prudential Real Estate
ab4bfc90-d68a-012e-5619-003048cad9da,Assist 2 Sell
ab4c5c80-d68a-012e-5619-003048cad9da,Keller Williams Realty
ab4b7c90-d68a-012e-5619-003048cad9da,PS Business Parks
ab4aa900-d68a-012e-5619-003048cad9da,Realty Executives
ab4b4e90-d68a-012e-5619-003048cad9da,Re/Max
ab4c1e10-d68a-012e-5619-003048cad9da,Weichert Realtors
ab4b5f10-d68a-012e-5619-003048cad9da,Ticor Title Insurance
ab4a74e0-d68a-012e-5619-003048cad9da,Diebold
ab4bb210-d68a-012e-5619-003048cad9da,Securitas Security Services USA
ab4aee90-d68a-012e-5619-003048cad9da,ADT Security Services
ab4b1fb0-d68a-012e-5619-003048cad9da,Postnet
ab4b2d60-d68a-012e-5619-003048cad9da,Mail Boxes Etc.
ab4be620-d68a-012e-5619-003048cad9da,Old Dominion Freight Line Inc.
ab4c10e0-d68a-012e-5619-003048cad9da,FedEx
ab4c2f80-d68a-012e-5619-003048cad9da,Roadway Express
ab4a4b50-d68a-012e-5619-003048cad9da,Comcast Cable
ab4ade10-d68a-012e-5619-003048cad9da,Time Warner Cable
ab4b9620-d68a-012e-5619-003048cad9da,Bellsouth
ab4bfea0-d68a-012e-5619-003048cad9da,Directv
ab4c3750-d68a-012e-5619-003048cad9da,Cox
ab4adb00-d68a-012e-5619-003048cad9da,Hancock Fabrics
ab4b6eb0-d68a-012e-5619-003048cad9da,Linens N Things
ab4b5430-d68a-012e-5619-003048cad9da,Ferguson
ab4c64a0-d68a-012e-5619-003048cad9da,Johnstone Supply
ab4a6980-d68a-012e-5619-003048cad9da,Regal Movie Theaters
ab4c23b0-d68a-012e-5619-003048cad9da,Cinemark
ab4bcdd0-d68a-012e-5619-003048cad9da,Carmike Cinemas
ab4bc590-d68a-012e-5619-003048cad9da,Honeybaked Ham
ab4b3810-d68a-012e-5619-003048cad9da,Tim Hortons
ab4bdcd0-d68a-012e-5619-003048cad9da,Daylight Donuts
ab4a5f20-d68a-012e-5619-003048cad9da,Bruegger's
ab4a9c30-d68a-012e-5619-003048cad9da,Dunkin Donuts
ab4b8a60-d68a-012e-5619-003048cad9da,Einstein Bros. Bagels
ab4b1d40-d68a-012e-5619-003048cad9da,Krispy Kreme
ab4a6660-d68a-012e-5619-003048cad9da,Cookies by Design
ab4aaeb0-d68a-012e-5619-003048cad9da,Wetzel's Pretzels
ab4b7b90-d68a-012e-5619-003048cad9da,Pretzelmaker
ab4c4140-d68a-012e-5619-003048cad9da,Auntie Anne's
ab4a9100-d68a-012e-5619-003048cad9da,Caribou Coffee
ab4bb5d0-d68a-012e-5619-003048cad9da,Tutti Frutti
ab4a80c0-d68a-012e-5619-003048cad9da,Pinkberry
ab4ac2f0-d68a-012e-5619-003048cad9da,Braum's
ab4ae230-d68a-012e-5619-003048cad9da,Ben and Jerry's
ab4b5af0-d68a-012e-5619-003048cad9da,Dippin' Dots
ab4bd0e0-d68a-012e-5619-003048cad9da,Baskin-Robbins
ab4bfa90-d68a-012e-5619-003048cad9da,Marble Slab Creamery
ab4b4a90-d68a-012e-5619-003048cad9da,Cold Stone Creamery
ab4bedc0-d68a-012e-5619-003048cad9da,Menchie's
ab4a8140-d68a-012e-5619-003048cad9da,Rita's Italian Ice
ab4c08c0-d68a-012e-5619-003048cad9da,Tastee Freez
ab4ba4f0-d68a-012e-5619-003048cad9da,TCBY
ab4aa3d0-d68a-012e-5619-003048cad9da,Smoothie King
ab4b9170-d68a-012e-5619-003048cad9da,Tropical Smoothie Cafe
ab4a7050-d68a-012e-5619-003048cad9da,Jamba Juice
ab4c0190-d68a-012e-5619-003048cad9da,Orange Julius
ab4a4a40-d68a-012e-5619-003048cad9da,Crown Fried Chicken
ab4a4be0-d68a-012e-5619-003048cad9da,O'Charley's
ab4abb40-d68a-012e-5619-003048cad9da,A&W Restaurant
ab4ac180-d68a-012e-5619-003048cad9da,Benniganâ€™s
ab4ada90-d68a-012e-5619-003048cad9da,Steak 'N Shake
ab4ae950-d68a-012e-5619-003048cad9da,Panera Bread
ab4af7b0-d68a-012e-5619-003048cad9da,Atlanta Bread Company
ab4b2f50-d68a-012e-5619-003048cad9da,Church's Chicken
ab4b42e0-d68a-012e-5619-003048cad9da,Johnny Rockets
ab4b4970-d68a-012e-5619-003048cad9da,Applebee's
ab4b7a90-d68a-012e-5619-003048cad9da,Roly Poly
ab4b82b0-d68a-012e-5619-003048cad9da,IHOP
ab4b9e10-d68a-012e-5619-003048cad9da,Sandella's
ab4bbd60-d68a-012e-5619-003048cad9da,Golden Corral
ab4bbed0-d68a-012e-5619-003048cad9da,Hooters
ab4c33a0-d68a-012e-5619-003048cad9da,Manchu Wok
ab4c6170-d68a-012e-5619-003048cad9da,Zaxby's
ab4be590-d68a-012e-5619-003048cad9da,Au Bon Pain
ab4aa250-d68a-012e-5619-003048cad9da,Bob Evans
ab4a3e00-d68a-012e-5619-003048cad9da,Bojangles' Famous Chicken 'N Biscuits
ab4c1b10-d68a-012e-5619-003048cad9da,California Pizza Kitchen
ab4b26d0-d68a-012e-5619-003048cad9da,Charley's Grilled Subs
ab4abc50-d68a-012e-5619-003048cad9da,Checkers
ab4acca0-d68a-012e-5619-003048cad9da,Cheesecake Factory
ab4b4410-d68a-012e-5619-003048cad9da,Chicken Express
ab4bbcd0-d68a-012e-5619-003048cad9da,Cracker Barrel
ab4b8d60-d68a-012e-5619-003048cad9da,Culver's
ab4b89d0-d68a-012e-5619-003048cad9da,Perkins Restaurant and Bakery
ab4b1cb0-d68a-012e-5619-003048cad9da,El Pollo Loco
ab4b3720-d68a-012e-5619-003048cad9da,Firehouse Sub
ab4b3ab0-d68a-012e-5619-003048cad9da,Friendly's
ab4b3ee0-d68a-012e-5619-003048cad9da,Fuddruckers
ab4aef10-d68a-012e-5619-003048cad9da,Huddle House
ab4b73f0-d68a-012e-5619-003048cad9da,Krystal
ab4c48e0-d68a-012e-5619-003048cad9da,Jersey Mike's Subs
ab4c5190-d68a-012e-5619-003048cad9da,Noodles & Company
ab4af8c0-d68a-012e-5619-003048cad9da,Big Boy Restaurant
ab4b0e70-d68a-012e-5619-003048cad9da,Pita Pit
ab4b9eb0-d68a-012e-5619-003048cad9da,Potbelly Sandwich
ab4a8850-d68a-012e-5619-003048cad9da,Chili's
ab4c1270-d68a-012e-5619-003048cad9da,Buffalo Wild Wings
ab4af210-d68a-012e-5619-003048cad9da,TGI Friday's
ab4a7a30-d68a-012e-5619-003048cad9da,Famous Dave's
ab4b8ae0-d68a-012e-5619-003048cad9da,Wingstreet
ab4b8b50-d68a-012e-5619-003048cad9da,Wingstop
ab4a4210-d68a-012e-5619-003048cad9da,Whataburger
ab4b6af0-d68a-012e-5619-003048cad9da,Five Guys Burgers & Fries
ab4c1a90-d68a-012e-5619-003048cad9da,In-N-Out Burger
ab4af6c0-d68a-012e-5619-003048cad9da,Back Yard Burgers
ab4c5760-d68a-012e-5619-003048cad9da,Panda Express
ab4b34f0-d68a-012e-5619-003048cad9da,Schlotzsky's Deli
ab4c09b0-d68a-012e-5619-003048cad9da,Jason's Deli
ab4bc720-d68a-012e-5619-003048cad9da,Village Inn
ab4c3950-d68a-012e-5619-003048cad9da,Waffle House
ab4c6c60-d68a-012e-5619-003048cad9da,Pei Wei Asian Diner
ab4c38c0-d68a-012e-5619-003048cad9da,Denny's
ab4a5fa0-d68a-012e-5619-003048cad9da,White Castle
ab4a87b0-d68a-012e-5619-003048cad9da,Popeyes Chicken and Biscuits
ab4a99a0-d68a-012e-5619-003048cad9da,Penn Station Subs
ab4c2630-d68a-012e-5619-003048cad9da,Sonic Drive-In
ab4c5540-d68a-012e-5619-003048cad9da,Quiznos
ab4a36b0-d68a-012e-5619-003048cad9da,Arbys
ab4b2cc0-d68a-012e-5619-003048cad9da,Blimpie
ab4c3db0-d68a-012e-5619-003048cad9da,Carl's Jr.
ab4bd2e0-d68a-012e-5619-003048cad9da,Chick-Fil-A
ab4bf0e0-d68a-012e-5619-003048cad9da,Hardees
ab4a9d30-d68a-012e-5619-003048cad9da,Jack in The Box
ab4b0060-d68a-012e-5619-003048cad9da,Jimmy John's
ab4bfb00-d68a-012e-5619-003048cad9da,Togo's
ab4c6080-d68a-012e-5619-003048cad9da,Wienerschnitzel
ab4c1800-d68a-012e-5619-003048cad9da,Fazoli's
ab4c0540-d68a-012e-5619-003048cad9da,Romano's Macaroni Grill
ab4b9af0-d68a-012e-5619-003048cad9da,Sarku Japan
ab4a8d60-d68a-012e-5619-003048cad9da,Del Taco
ab4aef80-d68a-012e-5619-003048cad9da,Baja Fresh
ab4b5e20-d68a-012e-5619-003048cad9da,Taco Bueno
ab4bc820-d68a-012e-5619-003048cad9da,Taco Time
ab4c3320-d68a-012e-5619-003048cad9da,Chevy's Fresh Mex Restaurants
ab4c2b70-d68a-012e-5619-003048cad9da,Qdoba Mexican Grill
ab4b79a0-d68a-012e-5619-003048cad9da,Taco Cabana
ab4bc4e0-d68a-012e-5619-003048cad9da,Taco Del Mar
ab4b0820-d68a-012e-5619-003048cad9da,Taco John's
ab4a3b40-d68a-012e-5619-003048cad9da,Sbarro
ab4b4d90-d68a-012e-5619-003048cad9da,Godfather's Pizza
ab4b6960-d68a-012e-5619-003048cad9da,Round Table Pizza
ab4b8df0-d68a-012e-5619-003048cad9da,Chuck E Cheeses
ab4ba360-d68a-012e-5619-003048cad9da,Papa Murphy's Take N Bake
ab4ba470-d68a-012e-5619-003048cad9da,CiCi's Pizza
ab4bdc60-d68a-012e-5619-003048cad9da,Pizza Inn
ab4c0020-d68a-012e-5619-003048cad9da,Fox's Pizza Den
ab4b75f0-d68a-012e-5619-003048cad9da,Donatos Pizza
ab4bbbe0-d68a-012e-5619-003048cad9da,Hungry Howies Pizza
ab4c2740-d68a-012e-5619-003048cad9da,Long John Silver's
ab4bfe20-d68a-012e-5619-003048cad9da,Captain D's Seafood
ab4b9490-d68a-012e-5619-003048cad9da,Ponderosa Steak House
ab4bde70-d68a-012e-5619-003048cad9da,Texas Roadhouse
ab4be420-d68a-012e-5619-003048cad9da,Great Steak & Potato Co
ab4a49c0-d68a-012e-5619-003048cad9da,ATA Black Belt Academy
ab4aeae0-d68a-012e-5619-003048cad9da,Anytime Fitness
ab4b0400-d68a-012e-5619-003048cad9da,24 Hour Fitness
ab4b1990-d68a-012e-5619-003048cad9da,Ladies Workout Express
ab4b3d70-d68a-012e-5619-003048cad9da,Contours Express
ab4bbfd0-d68a-012e-5619-003048cad9da,Fitness Together
ab4bd060-d68a-012e-5619-003048cad9da,Curves
ab4add80-d68a-012e-5619-003048cad9da,Bally Total Fitness
ab4b51b0-d68a-012e-5619-003048cad9da,Gold's Gym
ab4a5910-d68a-012e-5619-003048cad9da,Jazzercise
ab4c4ae0-d68a-012e-5619-003048cad9da,LA Fitness
ab4ac380-d68a-012e-5619-003048cad9da,Planet Fitness
ab4a6800-d68a-012e-5619-003048cad9da,Hess
ab4c1610-d68a-012e-5619-003048cad9da,Diamond Shamrock
ab4a60b0-d68a-012e-5619-003048cad9da,RaceTrac Petroleum
ab4c3490-d68a-012e-5619-003048cad9da,Thorntons
ab4b0600-d68a-012e-5619-003048cad9da,Standard Parking
ab4b4f80-d68a-012e-5619-003048cad9da,Greyhound Bus Lines
ab4b6c10-d68a-012e-5619-003048cad9da,Yellow Cab
ab4a9ba0-d68a-012e-5619-003048cad9da,Enterprise Rent-A-Car
ab4ae850-d68a-012e-5619-003048cad9da,Hertz Rent-A-Car
ab4ae8d0-d68a-012e-5619-003048cad9da,Avis Rent-A-Car
ab4b4700-d68a-012e-5619-003048cad9da,U-Haul
ab4b5d90-d68a-012e-5619-003048cad9da,National Car Rental
ab4b65d0-d68a-012e-5619-003048cad9da,Penske Truck Rental
ab4be170-d68a-012e-5619-003048cad9da,U-Save Auto Rental
ab4bf910-d68a-012e-5619-003048cad9da,Thrifty Car Rental
ab4c3a50-d68a-012e-5619-003048cad9da,Budget Rent-A-Car
ab4c55b0-d68a-012e-5619-003048cad9da,Budget Truck Rental
ab4a63c0-d68a-012e-5619-003048cad9da,Advantage Rent-A-Car
ab4c2df0-d68a-012e-5619-003048cad9da,Ryder
ab4b24d0-d68a-012e-5619-003048cad9da,Laidlaw Transit Inc.
ab4b0310-d68a-012e-5619-003048cad9da,Carlson Wagonlit Travel
ab4bcd40-d68a-012e-5619-003048cad9da,Travel Centers of America
ab4a5b20-d68a-012e-5619-003048cad9da,Budget Inn
ab4a81c0-d68a-012e-5619-003048cad9da,Sheraton Hotels & Resorts
ab4ab150-d68a-012e-5619-003048cad9da,Relax Inn
ab4ad1b0-d68a-012e-5619-003048cad9da,Clarion
ab4afce0-d68a-012e-5619-003048cad9da,Holiday Inn
ab4b5960-d68a-012e-5619-003048cad9da,Economy Inn
ab4b6220-d68a-012e-5619-003048cad9da,Marriott Hotel
ab4b7270-d68a-012e-5619-003048cad9da,Americas Best Value Inn
ab4b7c20-d68a-012e-5619-003048cad9da,Candlewood Suites
ab4bb6c0-d68a-012e-5619-003048cad9da,Starwood Hotel
ab4bd690-d68a-012e-5619-003048cad9da,Motel 6
ab4beb40-d68a-012e-5619-003048cad9da,Extended Stay America
ab4bfd90-d68a-012e-5619-003048cad9da,Hampton Inn
ab4c3620-d68a-012e-5619-003048cad9da,Doubletree Hotel
ab4c5420-d68a-012e-5619-003048cad9da,Embassy Suites
ab4b2b50-d68a-012e-5619-003048cad9da,Hilton Hotel
ab4a4de0-d68a-012e-5619-003048cad9da,La Quinta Inn
ab4b9a70-d68a-012e-5619-003048cad9da,Red Roof Inn
ab4aa4d0-d68a-012e-5619-003048cad9da,Cruise One
