npi_id	npi_description	factual_category_id
101Y00000X	Behavioral Health & Social Service Providers > Counselor	76
101YA0400X	Behavioral Health & Social Service Providers > Counselor > Addiction (Substance Use Disorder)	76
101YM0800X	Behavioral Health & Social Service Providers > Counselor > Mental Health	76
101YP1600X	Behavioral Health & Social Service Providers > Counselor > Pastoral	76
101YP2500X	Behavioral Health & Social Service Providers > Counselor > Professional	76
101YS0200X	Behavioral Health & Social Service Providers > Counselor > School	76
102L00000X	Behavioral Health & Social Service Providers > Psychoanalyst	76
102X00000X	Behavioral Health & Social Service Providers > Poetry Therapist	76
103G00000X	Behavioral Health & Social Service Providers > Clinical Neuropsychologist	78
103GC0700X	Behavioral Health & Social Service Providers > Clinical Neuropsychologist > Clinical	78
103K00000X	Behavioral Health & Social Service Providers > Behavioral Analyst	76
103T00000X	Behavioral Health & Social Service Providers > Psychologist	78
103TA0400X	Behavioral Health & Social Service Providers > Psychologist > Addiction (Substance Use Disorder)	78
103TA0700X	Behavioral Health & Social Service Providers > Psychologist > Adult Development & Aging	78
103TB0200X	Behavioral Health & Social Service Providers > Psychologist > Cognitive & Behavioral	78
103TC0700X	Behavioral Health & Social Service Providers > Psychologist > Clinical	78
103TC1900X	Behavioral Health & Social Service Providers > Psychologist > Counseling	78
103TC2200X	Behavioral Health & Social Service Providers > Psychologist > Clinical Child & Adolescent	78
103TE1000X	Behavioral Health & Social Service Providers > Psychologist > Educational	78
103TE1100X	Behavioral Health & Social Service Providers > Psychologist > Exercise & Sports	78
103TF0000X	Behavioral Health & Social Service Providers > Psychologist > Family	78
103TF0200X	Behavioral Health & Social Service Providers > Psychologist > Forensic	78
103TH0004X	Behavioral Health & Social Service Providers > Psychologist > Health	78
103TH0100X	Behavioral Health & Social Service Providers > Psychologist > Health Service	78
103TM1700X	Behavioral Health & Social Service Providers > Psychologist > Men & Masculinity	78
103TM1800X	Behavioral Health & Social Service Providers > Psychologist > Mental Retardation & Developmental Disabilities	78
103TP0016X	Behavioral Health & Social Service Providers > Psychologist > Prescribing (Medical)	78
103TP0814X	Behavioral Health & Social Service Providers > Psychologist > Psychoanalysis	78
103TP2700X	Behavioral Health & Social Service Providers > Psychologist > Psychotherapy	78
103TP2701X	Behavioral Health & Social Service Providers > Psychologist > Group Psychotherapy	78
103TR0400X	Behavioral Health & Social Service Providers > Psychologist > Rehabilitation	78
103TS0200X	Behavioral Health & Social Service Providers > Psychologist > School	78
103TW0100X	Behavioral Health & Social Service Providers > Psychologist > Women	78
104100000X	Behavioral Health & Social Service Providers > Social Worker	76
1041C0700X	Behavioral Health & Social Service Providers > Social Worker > Clinical	76
1041S0200X	Behavioral Health & Social Service Providers > Social Worker > School	76
106H00000X	Behavioral Health & Social Service Providers > Marriage & Family Therapist	76
111N00000X	Chiropractic Providers > Chiropractor	68
111NI0013X	Chiropractic Providers > Chiropractor > Independent Medical Examiner	68
111NI0900X	Chiropractic Providers > Chiropractor > Internist	68
111NN0400X	Chiropractic Providers > Chiropractor > Neurology	68
111NN1001X	Chiropractic Providers > Chiropractor > Nutrition	68
111NP0017X	Chiropractic Providers > Chiropractor > Pediatric Chiropractor	68
111NR0200X	Chiropractic Providers > Chiropractor > Radiology	68
111NR0400X	Chiropractic Providers > Chiropractor > Rehabilitation	68
111NS0005X	Chiropractic Providers > Chiropractor > Sports Physician	68
111NT0100X	Chiropractic Providers > Chiropractor > Thermography	68
111NX0100X	Chiropractic Providers > Chiropractor > Occupational Health	68
111NX0800X	Chiropractic Providers > Chiropractor > Orthopedic	68
122300000X	Dental Providers > Dentist	69
1223D0001X	Dental Providers > Dentist > Dental Public Health	69
1223D0004X	Dental Providers > Dentist > Dentist Anesthesiologist	69
1223E0200X	Dental Providers > Dentist > Endodontics	69
1223G0001X	Dental Providers > Dentist > General Practice	69
1223P0106X	Dental Providers > Dentist > Oral and Maxillofacial Pathology	69
1223P0221X	Dental Providers > Dentist > Pediatric Dentistry	69
1223P0300X	Dental Providers > Dentist > Periodontics	69
1223P0700X	Dental Providers > Dentist > Prosthodontics	69
1223S0112X	Dental Providers > Dentist > Oral and Maxillofacial Surgery	69
1223X0008X	Dental Providers > Dentist > Oral and Maxillofacial Radiology	69
1223X0400X	Dental Providers > Dentist > Orthodontics and Dentofacial Orthopedics	69
122400000X	Dental Providers > Denturist	69
124Q00000X	Dental Providers > Dental Hygienist	69
125J00000X	Dental Providers > Dental Therapist	69
125K00000X	Dental Providers > Advanced Practice Dental Therapist	69
126800000X	Dental Providers > Dental Assistant	69
126900000X	Dental Providers > Dental Laboratory Technician	69
132700000X	Dietary & Nutritional Service Providers > Dietary Manager	106
133N00000X	Dietary & Nutritional Service Providers > Nutritionist	106
133NN1002X	Dietary & Nutritional Service Providers > Nutritionist > Nutrition, Education	106
133V00000X	Dietary & Nutritional Service Providers > Dietitian, Registered	106
133VN1004X	Dietary & Nutritional Service Providers > Dietitian, Registered > Nutrition, Pediatric	106
133VN1005X	Dietary & Nutritional Service Providers > Dietitian, Registered > Nutrition, Renal	106
133VN1006X	Dietary & Nutritional Service Providers > Dietitian, Registered > Nutrition, Metabolic	106
136A00000X	Dietary & Nutritional Service Providers > Dietetic Technician, Registered	106
146D00000X	Emergency Medical Service Providers > Personal Emergency Response Attendant	62
146L00000X	Emergency Medical Service Providers > Emergency Medical Technician, Paramedic	62
146M00000X	Emergency Medical Service Providers > Emergency Medical Technician, Intermediate	62
146N00000X	Emergency Medical Service Providers > Emergency Medical Technician, Basic	62
152W00000X	Eye and Vision Services Providers > Optometrist	95
152WC0802X	Eye and Vision Services Providers > Optometrist > Corneal and Contact Management	95
152WL0500X	Eye and Vision Services Providers > Optometrist > Low Vision Rehabilitation	95
152WP0200X	Eye and Vision Services Providers > Optometrist > Pediatrics	95
152WS0006X	Eye and Vision Services Providers > Optometrist > Sports Vision	95
152WV0400X	Eye and Vision Services Providers > Optometrist > Vision Therapy	95
152WX0102X	Eye and Vision Services Providers > Optometrist > Occupational Vision	95
156F00000X	Eye and Vision Services Providers > Technician/Technologist	95
156FC0800X	Eye and Vision Services Providers > Technician/Technologist > Contact Lens	95
156FC0801X	Eye and Vision Services Providers > Technician/Technologist > Contact Lens Fitter	95
156FX1100X	Eye and Vision Services Providers > Technician/Technologist > Ophthalmic	95
156FX1101X	Eye and Vision Services Providers > Technician/Technologist > Ophthalmic Assistant	95
156FX1201X	Eye and Vision Services Providers > Technician/Technologist > Optometric Assistant	95
156FX1202X	Eye and Vision Services Providers > Technician/Technologist > Optometric Technician	95
156FX1700X	Eye and Vision Services Providers > Technician/Technologist > Ocularist	95
156FX1800X	Eye and Vision Services Providers > Technician/Technologist > Optician	95
156FX1900X	Eye and Vision Services Providers > Technician/Technologist > Orthoptist	95
163W00000X	Nursing Service Providers > Registered Nurse	79
163WA0400X	Nursing Service Providers > Registered Nurse > Addiction (Substance Use Disorder)	79
163WA2000X	Nursing Service Providers > Registered Nurse > Administrator	79
163WC0200X	Nursing Service Providers > Registered Nurse > Critical Care Medicine	79
163WC0400X	Nursing Service Providers > Registered Nurse > Case Management	79
163WC1400X	Nursing Service Providers > Registered Nurse > College Health	79
163WC1500X	Nursing Service Providers > Registered Nurse > Community Health	79
163WC1600X	Nursing Service Providers > Registered Nurse > Continuing Education/Staff Development	79
163WC2100X	Nursing Service Providers > Registered Nurse > Continence Care	79
163WC3500X	Nursing Service Providers > Registered Nurse > Cardiac Rehabilitation	79
163WD0400X	Nursing Service Providers > Registered Nurse > Diabetes Educator	79
163WD1100X	Nursing Service Providers > Registered Nurse > Dialysis, Peritoneal	79
163WE0003X	Nursing Service Providers > Registered Nurse > Emergency	79
163WE0900X	Nursing Service Providers > Registered Nurse > Enterostomal Therapy	79
163WF0300X	Nursing Service Providers > Registered Nurse > Flight	79
163WG0000X	Nursing Service Providers > Registered Nurse > General Practice	79
163WG0100X	Nursing Service Providers > Registered Nurse > Gastroenterology	79
163WG0600X	Nursing Service Providers > Registered Nurse > Gerontology	79
163WH0200X	Nursing Service Providers > Registered Nurse > Home Health	79
163WH0500X	Nursing Service Providers > Registered Nurse > Hemodialysis	79
163WH1000X	Nursing Service Providers > Registered Nurse > Hospice	79
163WI0500X	Nursing Service Providers > Registered Nurse > Infusion Therapy	79
163WI0600X	Nursing Service Providers > Registered Nurse > Infection Control	79
163WL0100X	Nursing Service Providers > Registered Nurse > Lactation Consultant	79
163WM0102X	Nursing Service Providers > Registered Nurse > Maternal Newborn	79
163WM0705X	Nursing Service Providers > Registered Nurse > Medical-Surgical	79
163WM1400X	Nursing Service Providers > Registered Nurse > Nurse Massage Therapist (NMT)	79
163WN0002X	Nursing Service Providers > Registered Nurse > Neonatal Intensive Care	79
163WN0003X	Nursing Service Providers > Registered Nurse > Neonatal, Low-Risk	79
163WN0300X	Nursing Service Providers > Registered Nurse > Nephrology	79
163WN0800X	Nursing Service Providers > Registered Nurse > Neuroscience	79
163WN1003X	Nursing Service Providers > Registered Nurse > Nutrition Support	79
163WP0000X	Nursing Service Providers > Registered Nurse > Pain Management	79
163WP0200X	Nursing Service Providers > Registered Nurse > Pediatrics	79
163WP0218X	Nursing Service Providers > Registered Nurse > Pediatric Oncology	79
163WP0807X	Nursing Service Providers > Registered Nurse > Psych/Mental Health, Child & Adolescent	79
163WP0808X	Nursing Service Providers > Registered Nurse > Psych/Mental Health	79
163WP0809X	Nursing Service Providers > Registered Nurse > Psych/Mental Health, Adult	79
163WP1700X	Nursing Service Providers > Registered Nurse > Perinatal	79
163WP2201X	Nursing Service Providers > Registered Nurse > Ambulatory Care	79
163WR0006X	Nursing Service Providers > Registered Nurse > Registered Nurse First Assistant	79
163WR0400X	Nursing Service Providers > Registered Nurse > Rehabilitation	79
163WR1000X	Nursing Service Providers > Registered Nurse > Reproductive Endocrinology/Infertility	105
163WS0121X	Nursing Service Providers > Registered Nurse > Plastic Surgery	79
163WS0200X	Nursing Service Providers > Registered Nurse > School	79
163WU0100X	Nursing Service Providers > Registered Nurse > Urology	79
163WW0000X	Nursing Service Providers > Registered Nurse > Wound Care	79
163WW0101X	Nursing Service Providers > Registered Nurse > Women's Health Care, Ambulatory	79
163WX0002X	Nursing Service Providers > Registered Nurse > Obstetric, High-Risk	79
163WX0003X	Nursing Service Providers > Registered Nurse > Obstetric, Inpatient	79
163WX0106X	Nursing Service Providers > Registered Nurse > Occupational Health	79
163WX0200X	Nursing Service Providers > Registered Nurse > Oncology	79
163WX0601X	Nursing Service Providers > Registered Nurse > Otorhinolaryngology & Head-Neck	79
163WX0800X	Nursing Service Providers > Registered Nurse > Orthopedic	79
163WX1100X	Nursing Service Providers > Registered Nurse > Ophthalmic	79
163WX1500X	Nursing Service Providers > Registered Nurse > Ostomy Care	79
164W00000X	Nursing Service Providers > Licensed Practical Nurse	79
164X00000X	Nursing Service Providers > Licensed Vocational Nurse	79
167G00000X	Nursing Service Providers > Licensed Psychiatric Technician	79
170100000X	Other Service Providers > Medical Genetics, Ph.D. Medical Genetics	62
170300000X	Other Service Providers > Genetic Counselor, MS	62
171000000X	Other Service Providers > Military Health Care Provider	62
1710I1002X	Other Service Providers > Military Health Care Provider > Independent Duty Corpsman	62
1710I1003X	Other Service Providers > Military Health Care Provider > Independent Duty Medical Technicians	62
171100000X	Other Service Providers > Acupuncturist	73
171M00000X	Other Service Providers > Case Manager/Care Coordinator	62
171R00000X	Other Service Providers > Interpreter	62
171W00000X	Other Service Providers > Contractor	62
171WH0202X	Other Service Providers > Contractor > Home Modifications	62
171WV0202X	Other Service Providers > Contractor > Vehicle Modifications	62
172A00000X	Other Service Providers > Driver	62
172M00000X	Other Service Providers > Mechanotherapist	62
172P00000X	Other Service Providers > Naprapath	62
172V00000X	Other Service Providers > Community Health Worker	62
173000000X	Other Service Providers > Legal Medicine	62
173C00000X	Other Service Providers > Reflexologist	62
173F00000X	Other Service Providers > Sleep Specialist, PhD	62
174200000X	Other Service Providers > Meals	106
174400000X	Other Service Providers > Specialist	62
1744G0900X	Other Service Providers > Specialist > Graphics Designer	62
1744P3200X	Other Service Providers > Specialist > Prosthetics Case Management	62
1744R1102X	Other Service Providers > Specialist > Research Study	62
1744R1103X	Other Service Providers > Specialist > Research Data Abstracter/Coder	62
174H00000X	Other Service Providers > Health Educator	62
174M00000X	Other Service Providers > Veterinarian	305
174MM1900X	Other Service Providers > Veterinarian > Medical Research	305
174N00000X	Other Service Providers > Lactation Consultant, Non-RN	62
174V00000X	Other Service Providers > Clinical Ethicist	62
175F00000X	Other Service Providers > Naturopath	72
175L00000X	Other Service Providers > Homeopath	72
175M00000X	Other Service Providers > Midwife, Lay	105
176B00000X	Other Service Providers > Midwife	105
176P00000X	Other Service Providers > Funeral Director	233
177F00000X	Other Service Providers > Lodging	62
183500000X	Pharmacy Service Providers > Pharmacist	62
1835G0000X	Pharmacy Service Providers > Pharmacist > General Practice	62
1835G0303X	Pharmacy Service Providers > Pharmacist > Geriatric	62
1835N0905X	Pharmacy Service Providers > Pharmacist > Nuclear	62
1835N1003X	Pharmacy Service Providers > Pharmacist > Nutrition Support	62
1835P0018X	Pharmacy Service Providers > Pharmacist > Pharmacist Clinician (PhC)/ Clinical Pharmacy Specialist	62
1835P1200X	Pharmacy Service Providers > Pharmacist > Pharmacotherapy	62
1835P1300X	Pharmacy Service Providers > Pharmacist > Psychiatric	62
1835X0200X	Pharmacy Service Providers > Pharmacist > Oncology	62
183700000X	Pharmacy Service Providers > Pharmacy Technician	62
193200000X	Group > Multi-Specialty	62
193400000X	Group > Single Specialty	62
202C00000X	Allopathic & Osteopathic Physicians > Independent Medical Examiner	83
202K00000X	Allopathic & Osteopathic Physicians > Phlebology	83
204C00000X	Allopathic & Osteopathic Physicians > Neuromusculoskeletal Medicine, Sports Medicine	82
204D00000X	Allopathic & Osteopathic Physicians > Neuromusculoskeletal Medicine & OMM	83
204E00000X	Allopathic & Osteopathic Physicians > Oral & Maxillofacial Surgery	83
204F00000X	Allopathic & Osteopathic Physicians > Transplant Surgery	83
204R00000X	Allopathic & Osteopathic Physicians > Electrodiagnostic Medicine	83
207K00000X	Allopathic & Osteopathic Physicians > Allergy & Immunology	83
207KA0200X	Allopathic & Osteopathic Physicians > Allergy & Immunology > Allergy	83
207KI0005X	Allopathic & Osteopathic Physicians > Allergy & Immunology > Clinical & Laboratory Immunology	83
207L00000X	Allopathic & Osteopathic Physicians > Anesthesiology	84
207LA0401X	Allopathic & Osteopathic Physicians > Anesthesiology > Addiction Medicine	84
207LC0200X	Allopathic & Osteopathic Physicians > Anesthesiology > Critical Care Medicine	84
207LH0002X	Allopathic & Osteopathic Physicians > Anesthesiology > Hospice and Palliative Medicine	84
207LP2900X	Allopathic & Osteopathic Physicians > Anesthesiology > Pain Medicine	84
207LP3000X	Allopathic & Osteopathic Physicians > Anesthesiology > Pediatric Anesthesiology	84
207N00000X	Allopathic & Osteopathic Physicians > Dermatology	86
207ND0101X	Allopathic & Osteopathic Physicians > Dermatology > MOHS-Micrographic Surgery	86
207ND0900X	Allopathic & Osteopathic Physicians > Dermatology > Dermatopathology	86
207NI0002X	Allopathic & Osteopathic Physicians > Dermatology > Clinical & Laboratory Dermatological Immunology	86
207NP0225X	Allopathic & Osteopathic Physicians > Dermatology > Pediatric Dermatology	86
207NS0135X	Allopathic & Osteopathic Physicians > Dermatology > Procedural Dermatology	86
207P00000X	Allopathic & Osteopathic Physicians > Emergency Medicine	83
207PE0004X	Allopathic & Osteopathic Physicians > Emergency Medicine > Emergency Medical Services	83
207PE0005X	Allopathic & Osteopathic Physicians > Emergency Medicine > Undersea and Hyperbaric Medicine	83
207PH0002X	Allopathic & Osteopathic Physicians > Emergency Medicine > Hospice and Palliative Medicine	83
207PP0204X	Allopathic & Osteopathic Physicians > Emergency Medicine > Pediatric Emergency Medicine	83
207PS0010X	Allopathic & Osteopathic Physicians > Emergency Medicine > Sports Medicine	83
207PT0002X	Allopathic & Osteopathic Physicians > Emergency Medicine > Medical Toxicology	83
207Q00000X	Allopathic & Osteopathic Physicians > Family Medicine	88
207QA0000X	Allopathic & Osteopathic Physicians > Family Medicine > Adolescent Medicine	88
207QA0401X	Allopathic & Osteopathic Physicians > Family Medicine > Addiction Medicine	88
207QA0505X	Allopathic & Osteopathic Physicians > Family Medicine > Adult Medicine	88
207QB0002X	Allopathic & Osteopathic Physicians > Family Medicine > Bariatric Medicine	88
207QG0300X	Allopathic & Osteopathic Physicians > Family Medicine > Geriatric Medicine	88
207QH0002X	Allopathic & Osteopathic Physicians > Family Medicine > Hospice and Palliative Medicine	88
207QS0010X	Allopathic & Osteopathic Physicians > Family Medicine > Sports Medicine	88
207QS1201X	Allopathic & Osteopathic Physicians > Family Medicine > Sleep Medicine	88
207R00000X	Allopathic & Osteopathic Physicians > Internal Medicine	91
207RA0000X	Allopathic & Osteopathic Physicians > Internal Medicine > Adolescent Medicine	91
207RA0201X	Allopathic & Osteopathic Physicians > Internal Medicine > Allergy & Immunology	91
207RA0401X	Allopathic & Osteopathic Physicians > Internal Medicine > Addiction Medicine	91
207RB0002X	Allopathic & Osteopathic Physicians > Internal Medicine > Bariatric Medicine	91
207RC0000X	Allopathic & Osteopathic Physicians > Internal Medicine > Cardiovascular Disease	85
207RC0001X	Allopathic & Osteopathic Physicians > Internal Medicine > Clinical Cardiac Electrophysiology	85
207RC0200X	Allopathic & Osteopathic Physicians > Internal Medicine > Critical Care Medicine	91
207RE0101X	Allopathic & Osteopathic Physicians > Internal Medicine > Endocrinology, Diabetes & Metabolism	91
207RG0100X	Allopathic & Osteopathic Physicians > Internal Medicine > Gastroenterology	89
207RG0300X	Allopathic & Osteopathic Physicians > Internal Medicine > Geriatric Medicine	91
207RH0000X	Allopathic & Osteopathic Physicians > Internal Medicine > Hematology	91
207RH0002X	Allopathic & Osteopathic Physicians > Internal Medicine > Hospice and Palliative Medicine	91
207RH0003X	Allopathic & Osteopathic Physicians > Internal Medicine > Hematology & Oncology	94
207RH0005X	Allopathic & Osteopathic Physicians > Internal Medicine > Hypertension Specialist	91
207RI0001X	Allopathic & Osteopathic Physicians > Internal Medicine > Clinical & Laboratory Immunology	91
207RI0008X	Allopathic & Osteopathic Physicians > Internal Medicine > Hepatology	91
207RI0011X	Allopathic & Osteopathic Physicians > Internal Medicine > Interventional Cardiology	91
207RI0200X	Allopathic & Osteopathic Physicians > Internal Medicine > Infectious Disease	91
207RM1200X	Allopathic & Osteopathic Physicians > Internal Medicine > Magnetic Resonance Imaging (MRI)	91
207RN0300X	Allopathic & Osteopathic Physicians > Internal Medicine > Nephrology	91
207RP1001X	Allopathic & Osteopathic Physicians > Internal Medicine > Pulmonary Disease	102
207RR0500X	Allopathic & Osteopathic Physicians > Internal Medicine > Rheumatology	91
207RS0010X	Allopathic & Osteopathic Physicians > Internal Medicine > Sports Medicine	91
207RS0012X	Allopathic & Osteopathic Physicians > Internal Medicine > Sleep Medicine	91
207RT0003X	Allopathic & Osteopathic Physicians > Internal Medicine > Transplant Hepatology	91
207RX0202X	Allopathic & Osteopathic Physicians > Internal Medicine > Medical Oncology	91
207SC0300X	Allopathic & Osteopathic Physicians > Medical Genetics > Clinical Cytogenetic	83
207SG0201X	Allopathic & Osteopathic Physicians > Medical Genetics > Clinical Genetics (M.D.)	83
207SG0202X	Allopathic & Osteopathic Physicians > Medical Genetics > Clinical Biochemical Genetics	83
207SG0203X	Allopathic & Osteopathic Physicians > Medical Genetics > Clinical Molecular Genetics	83
207SG0205X	Allopathic & Osteopathic Physicians > Medical Genetics > Ph.D. Medical Genetics	83
207SM0001X	Allopathic & Osteopathic Physicians > Medical Genetics > Molecular Genetic Pathology	83
207T00000X	Allopathic & Osteopathic Physicians > Neurological Surgery	83
207U00000X	Allopathic & Osteopathic Physicians > Nuclear Medicine	83
207UN0901X	Allopathic & Osteopathic Physicians > Nuclear Medicine > Nuclear Cardiology	83
207UN0902X	Allopathic & Osteopathic Physicians > Nuclear Medicine > Nuclear Imaging & Therapy	83
207UN0903X	Allopathic & Osteopathic Physicians > Nuclear Medicine > In Vivo & In Vitro Nuclear Medicine	83
207V00000X	Allopathic & Osteopathic Physicians > Obstetrics & Gynecology	93
207VB0002X	Allopathic & Osteopathic Physicians > Obstetrics & Gynecology > Bariatric Medicine	93
207VC0200X	Allopathic & Osteopathic Physicians > Obstetrics & Gynecology > Critical Care Medicine	93
207VE0102X	Allopathic & Osteopathic Physicians > Obstetrics & Gynecology > Reproductive Endocrinology	93
207VF0040X	Allopathic & Osteopathic Physicians > Obstetrics & Gynecology > Female Pelvic Medicine and Reconstructive Surgery	93
207VG0400X	Allopathic & Osteopathic Physicians > Obstetrics & Gynecology > Gynecology	93
207VH0002X	Allopathic & Osteopathic Physicians > Obstetrics & Gynecology > Hospice and Palliative Medicine	93
207VM0101X	Allopathic & Osteopathic Physicians > Obstetrics & Gynecology > Maternal & Fetal Medicine	93
207VX0000X	Allopathic & Osteopathic Physicians > Obstetrics & Gynecology > Obstetrics	93
207VX0201X	Allopathic & Osteopathic Physicians > Obstetrics & Gynecology > Gynecologic Oncology	93
207W00000X	Allopathic & Osteopathic Physicians > Ophthalmology	95
207X00000X	Allopathic & Osteopathic Physicians > Orthopaedic Surgery	96
207XP3100X	Allopathic & Osteopathic Physicians > Orthopaedic Surgery > Pediatric Orthopaedic Surgery	96
207XS0106X	Allopathic & Osteopathic Physicians > Orthopaedic Surgery > Hand Surgery	96
207XS0114X	Allopathic & Osteopathic Physicians > Orthopaedic Surgery > Adult Reconstructive Orthopaedic Surgery	96
207XS0117X	Allopathic & Osteopathic Physicians > Orthopaedic Surgery > Orthopaedic Surgery of the Spine	96
207XX0004X	Allopathic & Osteopathic Physicians > Orthopaedic Surgery > Foot and Ankle Surgery	96
207XX0005X	Allopathic & Osteopathic Physicians > Orthopaedic Surgery > Sports Medicine	96
207XX0801X	Allopathic & Osteopathic Physicians > Orthopaedic Surgery > Orthopaedic Trauma	96
207Y00000X	Allopathic & Osteopathic Physicians > Otolaryngology	87
207YP0228X	Allopathic & Osteopathic Physicians > Otolaryngology > Pediatric Otolaryngology	87
207YS0012X	Allopathic & Osteopathic Physicians > Otolaryngology > Sleep Medicine	87
207YS0123X	Allopathic & Osteopathic Physicians > Otolaryngology > Facial Plastic Surgery	87
207YX0007X	Allopathic & Osteopathic Physicians > Otolaryngology > Plastic Surgery within the Head & Neck	87
207YX0602X	Allopathic & Osteopathic Physicians > Otolaryngology > Otolaryngic Allergy	87
207YX0901X	Allopathic & Osteopathic Physicians > Otolaryngology > Otology & Neurotology	87
207YX0905X	Allopathic & Osteopathic Physicians > Otolaryngology > Otolaryngology/Facial Plastic Surgery	87
207ZB0001X	Allopathic & Osteopathic Physicians > Pathology > Blood Banking & Transfusion Medicine	97
207ZC0006X	Allopathic & Osteopathic Physicians > Pathology > Clinical Pathology	97
207ZC0500X	Allopathic & Osteopathic Physicians > Pathology > Cytopathology	97
207ZD0900X	Allopathic & Osteopathic Physicians > Pathology > Dermatopathology	97
207ZF0201X	Allopathic & Osteopathic Physicians > Pathology > Forensic Pathology	97
207ZH0000X	Allopathic & Osteopathic Physicians > Pathology > Hematology	97
207ZI0100X	Allopathic & Osteopathic Physicians > Pathology > Immunopathology	97
207ZM0300X	Allopathic & Osteopathic Physicians > Pathology > Medical Microbiology	97
207ZN0500X	Allopathic & Osteopathic Physicians > Pathology > Neuropathology	97
207ZP0007X	Allopathic & Osteopathic Physicians > Pathology > Molecular Genetic Pathology	97
207ZP0101X	Allopathic & Osteopathic Physicians > Pathology > Anatomic Pathology	97
207ZP0102X	Allopathic & Osteopathic Physicians > Pathology > Anatomic Pathology & Clinical Pathology	97
207ZP0104X	Allopathic & Osteopathic Physicians > Pathology > Chemical Pathology	97
207ZP0105X	Allopathic & Osteopathic Physicians > Pathology > Clinical Pathology/Laboratory Medicine	97
207ZP0213X	Allopathic & Osteopathic Physicians > Pathology > Pediatric Pathology	97
208000000X	Allopathic & Osteopathic Physicians > Pediatrics	98
2080A0000X	Allopathic & Osteopathic Physicians > Pediatrics > Adolescent Medicine	98
2080C0008X	Allopathic & Osteopathic Physicians > Pediatrics > Child Abuse Pediatrics	98
2080H0002X	Allopathic & Osteopathic Physicians > Pediatrics > Hospice and Palliative Medicine	98
2080I0007X	Allopathic & Osteopathic Physicians > Pediatrics > Clinical & Laboratory Immunology	98
2080N0001X	Allopathic & Osteopathic Physicians > Pediatrics > Neonatal-Perinatal Medicine	98
2080P0006X	Allopathic & Osteopathic Physicians > Pediatrics > Developmental ÃÂ Behavioral Pediatrics	98
2080P0008X	Allopathic & Osteopathic Physicians > Pediatrics > Neurodevelopmental Disabilities	98
2080P0201X	Allopathic & Osteopathic Physicians > Pediatrics > Pediatric Allergy/Immunology	98
2080P0202X	Allopathic & Osteopathic Physicians > Pediatrics > Pediatric Cardiology	98
2080P0203X	Allopathic & Osteopathic Physicians > Pediatrics > Pediatric Critical Care Medicine	98
2080P0204X	Allopathic & Osteopathic Physicians > Pediatrics > Pediatric Emergency Medicine	98
2080P0205X	Allopathic & Osteopathic Physicians > Pediatrics > Pediatric Endocrinology	98
2080P0206X	Allopathic & Osteopathic Physicians > Pediatrics > Pediatric Gastroenterology	98
2080P0207X	Allopathic & Osteopathic Physicians > Pediatrics > Pediatric Hematology-Oncology	98
2080P0208X	Allopathic & Osteopathic Physicians > Pediatrics > Pediatric Infectious Diseases	98
2080P0210X	Allopathic & Osteopathic Physicians > Pediatrics > Pediatric Nephrology	98
2080P0214X	Allopathic & Osteopathic Physicians > Pediatrics > Pediatric Pulmonology	98
2080P0216X	Allopathic & Osteopathic Physicians > Pediatrics > Pediatric Rheumatology	98
2080S0010X	Allopathic & Osteopathic Physicians > Pediatrics > Sports Medicine	98
2080S0012X	Allopathic & Osteopathic Physicians > Pediatrics > Sleep Medicine	98
2080T0002X	Allopathic & Osteopathic Physicians > Pediatrics > Medical Toxicology	98
2080T0004X	Allopathic & Osteopathic Physicians > Pediatrics > Pediatric Transplant Hepatology	98
208100000X	Allopathic & Osteopathic Physicians > Physical Medicine & Rehabilitation	83
2081H0002X	Allopathic & Osteopathic Physicians > Physical Medicine & Rehabilitation > Hospice and Palliative Medicine	83
2081N0008X	Allopathic & Osteopathic Physicians > Physical Medicine & Rehabilitation > Neuromuscular Medicine	83
2081P0004X	Allopathic & Osteopathic Physicians > Physical Medicine & Rehabilitation > Spinal Cord Injury Medicine	83
2081P0010X	Allopathic & Osteopathic Physicians > Physical Medicine & Rehabilitation > Pediatric Rehabilitation Medicine	83
2081P2900X	Allopathic & Osteopathic Physicians > Physical Medicine & Rehabilitation > Pain Medicine	83
2081S0010X	Allopathic & Osteopathic Physicians > Physical Medicine & Rehabilitation > Sports Medicine	83
208200000X	Allopathic & Osteopathic Physicians > Plastic Surgery	99
2082S0099X	Allopathic & Osteopathic Physicians > Plastic Surgery > Plastic Surgery Within the Head and Neck	99
2082S0105X	Allopathic & Osteopathic Physicians > Plastic Surgery > Surgery of the Hand	99
2083A0100X	Allopathic & Osteopathic Physicians > Preventive Medicine > Aerospace Medicine	83
2083P0011X	Allopathic & Osteopathic Physicians > Preventive Medicine > Undersea and Hyperbaric Medicine	83
2083P0500X	Allopathic & Osteopathic Physicians > Preventive Medicine > Preventive Medicine/Occupational Environmental Medicine	83
2083P0901X	Allopathic & Osteopathic Physicians > Preventive Medicine > Public Health & General Preventive Medicine	83
2083S0010X	Allopathic & Osteopathic Physicians > Preventive Medicine > Sports Medicine	83
2083T0002X	Allopathic & Osteopathic Physicians > Preventive Medicine > Medical Toxicology	83
2083X0100X	Allopathic & Osteopathic Physicians > Preventive Medicine > Occupational Medicine	83
2084A0401X	Allopathic & Osteopathic Physicians > Psychiatry & Neurology > Addiction Medicine	100
2084B0002X	Allopathic & Osteopathic Physicians > Psychiatry & Neurology > Bariatric Medicine	100
2084B0040X	Allopathic & Osteopathic Physicians > Psychiatry & Neurology > Behavioral Neurology & Neuropsychiatry	100
2084D0003X	Allopathic & Osteopathic Physicians > Psychiatry & Neurology > Diagnostic Neuroimaging	100
2084F0202X	Allopathic & Osteopathic Physicians > Psychiatry & Neurology > Forensic Psychiatry	100
2084H0002X	Allopathic & Osteopathic Physicians > Psychiatry & Neurology > Hospice and Palliative Medicine	100
2084N0008X	Allopathic & Osteopathic Physicians > Psychiatry & Neurology > Neuromuscular Medicine	100
2084N0400X	Allopathic & Osteopathic Physicians > Psychiatry & Neurology > Neurology	92
2084N0402X	Allopathic & Osteopathic Physicians > Psychiatry & Neurology > Neurology with Special Qualifications in Child Neurology	92
2084N0600X	Allopathic & Osteopathic Physicians > Psychiatry & Neurology > Clinical Neurophysiology	92
2084P0005X	Allopathic & Osteopathic Physicians > Psychiatry & Neurology > Neurodevelopmental Disabilities	92
2084P0015X	Allopathic & Osteopathic Physicians > Psychiatry & Neurology > Psychosomatic Medicine	100
2084P0800X	Allopathic & Osteopathic Physicians > Psychiatry & Neurology > Psychiatry	100
2084P0802X	Allopathic & Osteopathic Physicians > Psychiatry & Neurology > Addiction Psychiatry	100
2084P0804X	Allopathic & Osteopathic Physicians > Psychiatry & Neurology > Child & Adolescent Psychiatry	100
2084P0805X	Allopathic & Osteopathic Physicians > Psychiatry & Neurology > Geriatric Psychiatry	100
2084P2900X	Allopathic & Osteopathic Physicians > Psychiatry & Neurology > Pain Medicine	92
2084S0010X	Allopathic & Osteopathic Physicians > Psychiatry & Neurology > Sports Medicine	92
2084S0012X	Allopathic & Osteopathic Physicians > Psychiatry & Neurology > Sleep Medicine	92
2084V0102X	Allopathic & Osteopathic Physicians > Psychiatry & Neurology > Vascular Neurology	92
2085B0100X	Allopathic & Osteopathic Physicians > Radiology > Body Imaging	101
2085D0003X	Allopathic & Osteopathic Physicians > Radiology > Diagnostic Neuroimaging	101
2085H0002X	Allopathic & Osteopathic Physicians > Radiology > Hospice and Palliative Medicine	101
2085N0700X	Allopathic & Osteopathic Physicians > Radiology > Neuroradiology	101
2085N0904X	Allopathic & Osteopathic Physicians > Radiology > Nuclear Radiology	101
2085P0229X	Allopathic & Osteopathic Physicians > Radiology > Pediatric Radiology	101
2085R0001X	Allopathic & Osteopathic Physicians > Radiology > Radiation Oncology	101
2085R0202X	Allopathic & Osteopathic Physicians > Radiology > Diagnostic Radiology	101
2085R0203X	Allopathic & Osteopathic Physicians > Radiology > Therapeutic Radiology	101
2085R0204X	Allopathic & Osteopathic Physicians > Radiology > Vascular & Interventional Radiology	101
2085R0205X	Allopathic & Osteopathic Physicians > Radiology > Radiological Physics	101
2085U0001X	Allopathic & Osteopathic Physicians > Radiology > Diagnostic Ultrasound	101
208600000X	Allopathic & Osteopathic Physicians > Surgery	90
2086H0002X	Allopathic & Osteopathic Physicians > Surgery > Hospice and Palliative Medicine	90
2086S0102X	Allopathic & Osteopathic Physicians > Surgery > Surgical Critical Care	90
2086S0105X	Allopathic & Osteopathic Physicians > Surgery > Surgery of the Hand	90
2086S0120X	Allopathic & Osteopathic Physicians > Surgery > Pediatric Surgery	90
2086S0122X	Allopathic & Osteopathic Physicians > Surgery > Plastic and Reconstructive Surgery	99
2086S0127X	Allopathic & Osteopathic Physicians > Surgery > Trauma Surgery	90
2086S0129X	Allopathic & Osteopathic Physicians > Surgery > Vascular Surgery	90
2086X0206X	Allopathic & Osteopathic Physicians > Surgery > Surgical Oncology	90
208800000X	Allopathic & Osteopathic Physicians > Urology	103
2088F0040X	Allopathic & Osteopathic Physicians > Urology > Female Pelvic Medicine and Reconstructive Surgery	103
2088P0231X	Allopathic & Osteopathic Physicians > Urology > Pediatric Urology	90
208C00000X	Allopathic & Osteopathic Physicians > Colon & Rectal Surgery	90
208D00000X	Allopathic & Osteopathic Physicians > General Practice	83
208G00000X	Allopathic & Osteopathic Physicians > Thoracic Surgery (Cardiothoracic Vascular Surgery)	83
208M00000X	Allopathic & Osteopathic Physicians > Hospitalist	83
208U00000X	Allopathic & Osteopathic Physicians > Clinical Pharmacology	83
208VP0000X	Allopathic & Osteopathic Physicians > Pain Medicine > Pain Medicine	83
208VP0014X	Allopathic & Osteopathic Physicians > Pain Medicine > Interventional Pain Medicine	83
209800000X	Allopathic & Osteopathic Physicians > Legal Medicine	83
211D00000X	Podiatric Medicine & Surgery Service Providers > Assistant, Podiatric	104
213E00000X	Podiatric Medicine & Surgery Service Providers > Podiatrist	104
213EG0000X	Podiatric Medicine & Surgery Service Providers > Podiatrist > General Practice	104
213EP0504X	Podiatric Medicine & Surgery Service Providers > Podiatrist > Public Medicine	104
213EP1101X	Podiatric Medicine & Surgery Service Providers > Podiatrist > Primary Podiatric Medicine	104
213ER0200X	Podiatric Medicine & Surgery Service Providers > Podiatrist > Radiology	104
213ES0000X	Podiatric Medicine & Surgery Service Providers > Podiatrist > Sports Medicine	104
213ES0103X	Podiatric Medicine & Surgery Service Providers > Podiatrist > Foot & Ankle Surgery	104
213ES0131X	Podiatric Medicine & Surgery Service Providers > Podiatrist > Foot Surgery	104
221700000X	Respiratory, Developmental, Rehabilitative and Restorative Service Providers > Art Therapist	81
222Q00000X	Respiratory, Developmental, Rehabilitative and Restorative Service Providers > Developmental Therapist	81
222Z00000X	Respiratory, Developmental, Rehabilitative and Restorative Service Providers > Orthotist	81
224900000X	Respiratory, Developmental, Rehabilitative and Restorative Service Providers > Mastectomy Fitter	81
224L00000X	Respiratory, Developmental, Rehabilitative and Restorative Service Providers > Pedorthist	81
224P00000X	Respiratory, Developmental, Rehabilitative and Restorative Service Providers > Prosthetist	81
224Y00000X	Respiratory, Developmental, Rehabilitative and Restorative Service Providers > Clinical Exercise Physiologist	81
224Z00000X	Respiratory, Developmental, Rehabilitative and Restorative Service Providers > Occupational Therapy Assistant	81
224ZE0001X	Respiratory, Developmental, Rehabilitative and Restorative Service Providers > Occupational Therapy Assistant > Environmental Modification	81
224ZF0002X	Respiratory, Developmental, Rehabilitative and Restorative Service Providers > Occupational Therapy Assistant > Feeding, Eating & Swallowing	81
224ZL0004X	Respiratory, Developmental, Rehabilitative and Restorative Service Providers > Occupational Therapy Assistant > Low Vision	81
224ZR0403X	Respiratory, Developmental, Rehabilitative and Restorative Service Providers > Occupational Therapy Assistant > Driving and Community Mobility	81
225000000X	Respiratory, Developmental, Rehabilitative and Restorative Service Providers > Orthotic Fitter	81
225100000X	Respiratory, Developmental, Rehabilitative and Restorative Service Providers > Physical Therapist	81
2251C2600X	Respiratory, Developmental, Rehabilitative and Restorative Service Providers > Physical Therapist > Cardiopulmonary	81
2251E1200X	Respiratory, Developmental, Rehabilitative and Restorative Service Providers > Physical Therapist > Ergonomics	81
2251E1300X	Respiratory, Developmental, Rehabilitative and Restorative Service Providers > Physical Therapist > Electrophysiology, Clinical	81
2251G0304X	Respiratory, Developmental, Rehabilitative and Restorative Service Providers > Physical Therapist > Geriatrics	81
2251H1200X	Respiratory, Developmental, Rehabilitative and Restorative Service Providers > Physical Therapist > Hand	81
2251H1300X	Respiratory, Developmental, Rehabilitative and Restorative Service Providers > Physical Therapist > Human Factors	81
2251N0400X	Respiratory, Developmental, Rehabilitative and Restorative Service Providers > Physical Therapist > Neurology	81
2251P0200X	Respiratory, Developmental, Rehabilitative and Restorative Service Providers > Physical Therapist > Pediatrics	81
2251S0007X	Respiratory, Developmental, Rehabilitative and Restorative Service Providers > Physical Therapist > Sports	81
2251X0800X	Respiratory, Developmental, Rehabilitative and Restorative Service Providers > Physical Therapist > Orthopedic	81
225200000X	Respiratory, Developmental, Rehabilitative and Restorative Service Providers > Physical Therapy Assistant	81
225400000X	Respiratory, Developmental, Rehabilitative and Restorative Service Providers > Rehabilitation Practitioner	81
225500000X	Respiratory, Developmental, Rehabilitative and Restorative Service Providers > Specialist/Technologist	81
2255A2300X	Respiratory, Developmental, Rehabilitative and Restorative Service Providers > Specialist/Technologist > Athletic Trainer	81
2255R0406X	Respiratory, Developmental, Rehabilitative and Restorative Service Providers > Specialist/Technologist > Rehabilitation, Blind	81
225600000X	Respiratory, Developmental, Rehabilitative and Restorative Service Providers > Dance Therapist	81
225700000X	Respiratory, Developmental, Rehabilitative and Restorative Service Providers > Massage Therapist	81
225800000X	Respiratory, Developmental, Rehabilitative and Restorative Service Providers > Recreation Therapist	81
225A00000X	Respiratory, Developmental, Rehabilitative and Restorative Service Providers > Music Therapist	81
225B00000X	Respiratory, Developmental, Rehabilitative and Restorative Service Providers > Pulmonary Function Technologist	81
225C00000X	Respiratory, Developmental, Rehabilitative and Restorative Service Providers > Rehabilitation Counselor	81
225CA2400X	Respiratory, Developmental, Rehabilitative and Restorative Service Providers > Rehabilitation Counselor > Assistive Technology Practitioner	81
225CA2500X	Respiratory, Developmental, Rehabilitative and Restorative Service Providers > Rehabilitation Counselor > Assistive Technology Supplier	81
225CX0006X	Respiratory, Developmental, Rehabilitative and Restorative Service Providers > Rehabilitation Counselor > Orientation and Mobility Training Provider	81
225X00000X	Respiratory, Developmental, Rehabilitative and Restorative Service Providers > Occupational Therapist	81
225XE0001X	Respiratory, Developmental, Rehabilitative and Restorative Service Providers > Occupational Therapist > Environmental Modification	81
225XE1200X	Respiratory, Developmental, Rehabilitative and Restorative Service Providers > Occupational Therapist > Ergonomics	81
225XF0002X	Respiratory, Developmental, Rehabilitative and Restorative Service Providers > Occupational Therapist > Feeding, Eating & Swallowing	81
225XG0600X	Respiratory, Developmental, Rehabilitative and Restorative Service Providers > Occupational Therapist > Gerontology	81
225XH1200X	Respiratory, Developmental, Rehabilitative and Restorative Service Providers > Occupational Therapist > Hand	81
225XH1300X	Respiratory, Developmental, Rehabilitative and Restorative Service Providers > Occupational Therapist > Human Factors	81
225XL0004X	Respiratory, Developmental, Rehabilitative and Restorative Service Providers > Occupational Therapist > Low Vision	81
225XM0800X	Respiratory, Developmental, Rehabilitative and Restorative Service Providers > Occupational Therapist > Mental Health	81
225XN1300X	Respiratory, Developmental, Rehabilitative and Restorative Service Providers > Occupational Therapist > Neurorehabilitation	81
225XP0019X	Respiratory, Developmental, Rehabilitative and Restorative Service Providers > Occupational Therapist > Physical Rehabilitation	81
225XP0200X	Respiratory, Developmental, Rehabilitative and Restorative Service Providers > Occupational Therapist > Pediatrics	81
225XR0403X	Respiratory, Developmental, Rehabilitative and Restorative Service Providers > Occupational Therapist > Driving and Community Mobility	81
226300000X	Respiratory, Developmental, Rehabilitative and Restorative Service Providers > Kinesiotherapist	81
227800000X	Respiratory, Developmental, Rehabilitative and Restorative Service Providers > Respiratory Therapist, Certified	81
2278C0205X	Respiratory, Developmental, Rehabilitative and Restorative Service Providers > Respiratory Therapist, Certified > Critical Care	81
2278E0002X	Respiratory, Developmental, Rehabilitative and Restorative Service Providers > Respiratory Therapist, Certified > Emergency Care	81
2278E1000X	Respiratory, Developmental, Rehabilitative and Restorative Service Providers > Respiratory Therapist, Certified > Educational	81
2278G0305X	Respiratory, Developmental, Rehabilitative and Restorative Service Providers > Respiratory Therapist, Certified > Geriatric Care	81
2278G1100X	Respiratory, Developmental, Rehabilitative and Restorative Service Providers > Respiratory Therapist, Certified > General Care	81
2278H0200X	Respiratory, Developmental, Rehabilitative and Restorative Service Providers > Respiratory Therapist, Certified > Home Health	81
2278P1004X	Respiratory, Developmental, Rehabilitative and Restorative Service Providers > Respiratory Therapist, Certified > Pulmonary Diagnostics	81
2278P1005X	Respiratory, Developmental, Rehabilitative and Restorative Service Providers > Respiratory Therapist, Certified > Pulmonary Rehabilitation	81
2278P1006X	Respiratory, Developmental, Rehabilitative and Restorative Service Providers > Respiratory Therapist, Certified > Pulmonary Function Technologist	81
2278P3800X	Respiratory, Developmental, Rehabilitative and Restorative Service Providers > Respiratory Therapist, Certified > Palliative/Hospice	81
2278P3900X	Respiratory, Developmental, Rehabilitative and Restorative Service Providers > Respiratory Therapist, Certified > Neonatal/Pediatrics	81
2278P4000X	Respiratory, Developmental, Rehabilitative and Restorative Service Providers > Respiratory Therapist, Certified > Patient Transport	81
2278S1500X	Respiratory, Developmental, Rehabilitative and Restorative Service Providers > Respiratory Therapist, Certified > SNF/Subacute Care	81
227900000X	Respiratory, Developmental, Rehabilitative and Restorative Service Providers > Respiratory Therapist, Registered	81
2279C0205X	Respiratory, Developmental, Rehabilitative and Restorative Service Providers > Respiratory Therapist, Registered > Critical Care	81
2279E0002X	Respiratory, Developmental, Rehabilitative and Restorative Service Providers > Respiratory Therapist, Registered > Emergency Care	81
2279E1000X	Respiratory, Developmental, Rehabilitative and Restorative Service Providers > Respiratory Therapist, Registered > Educational	81
2279G0305X	Respiratory, Developmental, Rehabilitative and Restorative Service Providers > Respiratory Therapist, Registered > Geriatric Care	81
2279G1100X	Respiratory, Developmental, Rehabilitative and Restorative Service Providers > Respiratory Therapist, Registered > General Care	81
2279H0200X	Respiratory, Developmental, Rehabilitative and Restorative Service Providers > Respiratory Therapist, Registered > Home Health	81
2279P1004X	Respiratory, Developmental, Rehabilitative and Restorative Service Providers > Respiratory Therapist, Registered > Pulmonary Diagnostics	81
2279P1005X	Respiratory, Developmental, Rehabilitative and Restorative Service Providers > Respiratory Therapist, Registered > Pulmonary Rehabilitation	81
2279P1006X	Respiratory, Developmental, Rehabilitative and Restorative Service Providers > Respiratory Therapist, Registered > Pulmonary Function Technologist	81
2279P3800X	Respiratory, Developmental, Rehabilitative and Restorative Service Providers > Respiratory Therapist, Registered > Palliative/Hospice	81
2279P3900X	Respiratory, Developmental, Rehabilitative and Restorative Service Providers > Respiratory Therapist, Registered > Neonatal/Pediatrics	81
2279P4000X	Respiratory, Developmental, Rehabilitative and Restorative Service Providers > Respiratory Therapist, Registered > Patient Transport	81
2279S1500X	Respiratory, Developmental, Rehabilitative and Restorative Service Providers > Respiratory Therapist, Registered > SNF/Subacute Care	81
229N00000X	Respiratory, Developmental, Rehabilitative and Restorative Service Providers > Anaplastologist	81
231H00000X	Speech, Language and Hearing Service Providers > Audiologist	62
231HA2400X	Speech, Language and Hearing Service Providers > Audiologist > Assistive Technology Practitioner	62
231HA2500X	Speech, Language and Hearing Service Providers > Audiologist > Assistive Technology Supplier	62
235500000X	Speech, Language and Hearing Service Providers > Specialist/Technologist	62
2355A2700X	Speech, Language and Hearing Service Providers > Specialist/Technologist > Audiology Assistant	62
2355S0801X	Speech, Language and Hearing Service Providers > Specialist/Technologist > Speech-Language Assistant	62
235Z00000X	Speech, Language and Hearing Service Providers > Speech-Language Pathologist	62
237600000X	Speech, Language and Hearing Service Providers > Audiologist-Hearing Aid Fitter	62
237700000X	Speech, Language and Hearing Service Providers > Hearing Instrument Specialist	62
242T00000X	Technologists, Technicians & Other Technical Service Providers > Perfusionist	62
243U00000X	Technologists, Technicians & Other Technical Service Providers > Radiology Practitioner Assistant	62
246Q00000X	Technologists, Technicians & Other Technical Service Providers > Spec/Tech, Pathology	62
246QB0000X	Technologists, Technicians & Other Technical Service Providers > Spec/Tech, Pathology > Blood Banking	62
246QC1000X	Technologists, Technicians & Other Technical Service Providers > Spec/Tech, Pathology > Chemistry	62
246QC2700X	Technologists, Technicians & Other Technical Service Providers > Spec/Tech, Pathology > Cytotechnology	62
246QH0000X	Technologists, Technicians & Other Technical Service Providers > Spec/Tech, Pathology > Hematology	62
246QH0401X	Technologists, Technicians & Other Technical Service Providers > Spec/Tech, Pathology > Hemapheresis Practitioner	62
246QH0600X	Technologists, Technicians & Other Technical Service Providers > Spec/Tech, Pathology > Histology	62
246QI0000X	Technologists, Technicians & Other Technical Service Providers > Spec/Tech, Pathology > Immunology	62
246QL0900X	Technologists, Technicians & Other Technical Service Providers > Spec/Tech, Pathology > Laboratory Management	62
246QL0901X	Technologists, Technicians & Other Technical Service Providers > Spec/Tech, Pathology > Laboratory Management, Diplomate	62
246QM0706X	Technologists, Technicians & Other Technical Service Providers > Spec/Tech, Pathology > Medical Technologist	62
246QM0900X	Technologists, Technicians & Other Technical Service Providers > Spec/Tech, Pathology > Microbiology	62
246R00000X	Technologists, Technicians & Other Technical Service Providers > Technician, Pathology	62
246RH0600X	Technologists, Technicians & Other Technical Service Providers > Technician, Pathology > Histology	62
246RM2200X	Technologists, Technicians & Other Technical Service Providers > Technician, Pathology > Medical Laboratory	62
246RP1900X	Technologists, Technicians & Other Technical Service Providers > Technician, Pathology > Phlebotomy	62
246W00000X	Technologists, Technicians & Other Technical Service Providers > Technician, Cardiology	62
246X00000X	Technologists, Technicians & Other Technical Service Providers > Spec/Tech, Cardiovascular	62
246XC2901X	Technologists, Technicians & Other Technical Service Providers > Spec/Tech, Cardiovascular > Cardiovascular Invasive Specialist	62
246XC2903X	Technologists, Technicians & Other Technical Service Providers > Spec/Tech, Cardiovascular > Vascular Specialist	62
246XS1301X	Technologists, Technicians & Other Technical Service Providers > Spec/Tech, Cardiovascular > Sonography	62
246Y00000X	Technologists, Technicians & Other Technical Service Providers > Spec/Tech, Health Info	62
246YC3301X	Technologists, Technicians & Other Technical Service Providers > Spec/Tech, Health Info > Coding Specialist, Hospital Based	62
246YC3302X	Technologists, Technicians & Other Technical Service Providers > Spec/Tech, Health Info > Coding Specialist, Physician Office Based	62
246YR1600X	Technologists, Technicians & Other Technical Service Providers > Spec/Tech, Health Info > Registered Record Administrator	62
246Z00000X	Technologists, Technicians & Other Technical Service Providers > Specialist/Technologist, Other	62
246ZA2600X	Technologists, Technicians & Other Technical Service Providers > Specialist/Technologist, Other > Art, Medical	62
246ZB0301X	Technologists, Technicians & Other Technical Service Providers > Specialist/Technologist, Other > Biomedical Engineering	62
246ZB0302X	Technologists, Technicians & Other Technical Service Providers > Specialist/Technologist, Other > Biomedical Photographer	62
246ZB0500X	Technologists, Technicians & Other Technical Service Providers > Specialist/Technologist, Other > Biochemist	62
246ZB0600X	Technologists, Technicians & Other Technical Service Providers > Specialist/Technologist, Other > Biostatistician	62
246ZC0007X	Technologists, Technicians & Other Technical Service Providers > Specialist/Technologist, Other > Certified First Assistant	62
246ZE0500X	Technologists, Technicians & Other Technical Service Providers > Specialist/Technologist, Other > EEG	62
246ZE0600X	Technologists, Technicians & Other Technical Service Providers > Specialist/Technologist, Other > Electroneurodiagnostic	62
246ZG0701X	Technologists, Technicians & Other Technical Service Providers > Specialist/Technologist, Other > Graphics Methods	62
246ZG1000X	Technologists, Technicians & Other Technical Service Providers > Specialist/Technologist, Other > Geneticist, Medical (PhD)	62
246ZI1000X	Technologists, Technicians & Other Technical Service Providers > Specialist/Technologist, Other > Illustration, Medical	62
246ZN0300X	Technologists, Technicians & Other Technical Service Providers > Specialist/Technologist, Other > Nephrology	62
246ZS0400X	Technologists, Technicians & Other Technical Service Providers > Specialist/Technologist, Other > Surgical	62
247000000X	Technologists, Technicians & Other Technical Service Providers > Technician, Health Information	62
2470A2800X	Technologists, Technicians & Other Technical Service Providers > Technician, Health Information > Assistant Record Technician	62
247100000X	Technologists, Technicians & Other Technical Service Providers > Radiologic Technologist	62
2471B0102X	Technologists, Technicians & Other Technical Service Providers > Radiologic Technologist > Bone Densitometry	62
2471C1101X	Technologists, Technicians & Other Technical Service Providers > Radiologic Technologist > Cardiovascular-Interventional Technology	62
2471C1106X	Technologists, Technicians & Other Technical Service Providers > Radiologic Technologist > Cardiac-Interventional Technology	62
2471C3401X	Technologists, Technicians & Other Technical Service Providers > Radiologic Technologist > Computed Tomography	62
2471C3402X	Technologists, Technicians & Other Technical Service Providers > Radiologic Technologist > Radiography	62
2471M1202X	Technologists, Technicians & Other Technical Service Providers > Radiologic Technologist > Magnetic Resonance Imaging	62
2471M2300X	Technologists, Technicians & Other Technical Service Providers > Radiologic Technologist > Mammography	62
2471N0900X	Technologists, Technicians & Other Technical Service Providers > Radiologic Technologist > Nuclear Medicine Technology	62
2471Q0001X	Technologists, Technicians & Other Technical Service Providers > Radiologic Technologist > Quality Management	62
2471R0002X	Technologists, Technicians & Other Technical Service Providers > Radiologic Technologist > Radiation Therapy	62
2471S1302X	Technologists, Technicians & Other Technical Service Providers > Radiologic Technologist > Sonography	62
2471V0105X	Technologists, Technicians & Other Technical Service Providers > Radiologic Technologist > Vascular Sonography	62
2471V0106X	Technologists, Technicians & Other Technical Service Providers > Radiologic Technologist > Vascular-Interventional Technology	62
247200000X	Technologists, Technicians & Other Technical Service Providers > Technician, Other	62
2472B0301X	Technologists, Technicians & Other Technical Service Providers > Technician, Other > Biomedical Engineering	62
2472D0500X	Technologists, Technicians & Other Technical Service Providers > Technician, Other > Darkroom	62
2472E0500X	Technologists, Technicians & Other Technical Service Providers > Technician, Other > EEG	62
2472R0900X	Technologists, Technicians & Other Technical Service Providers > Technician, Other > Renal Dialysis	62
2472V0600X	Technologists, Technicians & Other Technical Service Providers > Technician, Other > Veterinary	62
247ZC0005X	Technologists, Technicians & Other Technical Service Providers > Pathology > Clinical Laboratory Director, Non-physician	62
251300000X	Agencies > Local Education Agency (LEA)	62
251B00000X	Agencies > Case Management	62
251C00000X	Agencies > Day Training, Developmentally Disabled Services	24
251E00000X	Agencies > Home Health	62
251F00000X	Agencies > Home Infusion	62
251G00000X	Agencies > Hospice Care, Community Based	66
251J00000X	Agencies > Nursing Care	66
251K00000X	Agencies > Public Health or Welfare	52
251S00000X	Agencies > Community/Behavioral Health	62
251T00000X	Agencies > PACE Provider Organization	62
251V00000X	Agencies > Voluntary or Charitable	48
251X00000X	Agencies > Supports Brokerage	62
252Y00000X	Agencies > Early Intervention Provider Agency	62
253J00000X	Agencies > Foster Care Agency	52
253Z00000X	Agencies > In Home Supportive Care	65
261Q00000X	Ambulatory Health Care Facilities > Clinic/Center	74
261QA0005X	Ambulatory Health Care Facilities > Clinic/Center > Ambulatory Family Planning Facility	74
261QA0006X	Ambulatory Health Care Facilities > Clinic/Center > Ambulatory Fertility Facility	74
261QA0600X	Ambulatory Health Care Facilities > Clinic/Center > Adult Day Care	74
261QA0900X	Ambulatory Health Care Facilities > Clinic/Center > Amputee	74
261QA1903X	Ambulatory Health Care Facilities > Clinic/Center > Ambulatory Surgical	74
261QA3000X	Ambulatory Health Care Facilities > Clinic/Center > Augmentative Communication	74
261QB0400X	Ambulatory Health Care Facilities > Clinic/Center > Birthing	74
261QC0050X	Ambulatory Health Care Facilities > Clinic/Center > Critical Access Hospital	74
261QC1500X	Ambulatory Health Care Facilities > Clinic/Center > Community Health	74
261QC1800X	Ambulatory Health Care Facilities > Clinic/Center > Corporate Health	74
261QD0000X	Ambulatory Health Care Facilities > Clinic/Center > Dental	74
261QD1600X	Ambulatory Health Care Facilities > Clinic/Center > Developmental Disabilities	74
261QE0002X	Ambulatory Health Care Facilities > Clinic/Center > Emergency Care	70
261QE0700X	Ambulatory Health Care Facilities > Clinic/Center > End-Stage Renal Disease (ESRD) Treatment	74
261QE0800X	Ambulatory Health Care Facilities > Clinic/Center > Endoscopy	74
261QF0050X	Ambulatory Health Care Facilities > Clinic/Center > Family Planning, Non-Surgical	74
261QF0400X	Ambulatory Health Care Facilities > Clinic/Center > Federally Qualified Health Center (FQHC)	74
261QG0250X	Ambulatory Health Care Facilities > Clinic/Center > Genetics	74
261QH0100X	Ambulatory Health Care Facilities > Clinic/Center > Health Service	74
261QH0700X	Ambulatory Health Care Facilities > Clinic/Center > Hearing and Speech	74
261QI0500X	Ambulatory Health Care Facilities > Clinic/Center > Infusion Therapy	74
261QL0400X	Ambulatory Health Care Facilities > Clinic/Center > Lithotripsy	74
261QM0801X	Ambulatory Health Care Facilities > Clinic/Center > Mental Health (Including Community Mental Health Center)	74
261QM0850X	Ambulatory Health Care Facilities > Clinic/Center > Adult Mental Health	74
261QM0855X	Ambulatory Health Care Facilities > Clinic/Center > Adolescent and Children Mental Health	74
261QM1000X	Ambulatory Health Care Facilities > Clinic/Center > Migrant Health	74
261QM1100X	Ambulatory Health Care Facilities > Clinic/Center > Military/U.S. Coast Guard Outpatient	74
261QM1101X	Ambulatory Health Care Facilities > Clinic/Center > Military and U.S. Coast Guard Ambulatory Procedure	74
261QM1102X	Ambulatory Health Care Facilities > Clinic/Center > Military Outpatient Operational (Transportable) Component	74
261QM1103X	Ambulatory Health Care Facilities > Clinic/Center > Military Ambulatory Procedure Visits Operational (Transportable)	74
261QM1200X	Ambulatory Health Care Facilities > Clinic/Center > Magnetic Resonance Imaging (MRI)	74
261QM1300X	Ambulatory Health Care Facilities > Clinic/Center > Multi-Specialty	74
261QM2500X	Ambulatory Health Care Facilities > Clinic/Center > Medical Specialty	74
261QM2800X	Ambulatory Health Care Facilities > Clinic/Center > Methadone Clinic	74
261QM3000X	Ambulatory Health Care Facilities > Clinic/Center > Medically Fragile Intants and Children Day Care	74
261QP0904X	Ambulatory Health Care Facilities > Clinic/Center > Public Health, Federal	74
261QP0905X	Ambulatory Health Care Facilities > Clinic/Center > Public Health, State or Local	74
261QP1100X	Ambulatory Health Care Facilities > Clinic/Center > Podiatric	74
261QP2000X	Ambulatory Health Care Facilities > Clinic/Center > Physical Therapy	74
261QP2300X	Ambulatory Health Care Facilities > Clinic/Center > Primary Care	74
261QP2400X	Ambulatory Health Care Facilities > Clinic/Center > Prison Health	74
261QP3300X	Ambulatory Health Care Facilities > Clinic/Center > Pain	74
261QR0200X	Ambulatory Health Care Facilities > Clinic/Center > Radiology	74
261QR0206X	Ambulatory Health Care Facilities > Clinic/Center > Radiology, Mammography	74
261QR0207X	Ambulatory Health Care Facilities > Clinic/Center > Radiology, Mobile Mammography	74
261QR0208X	Ambulatory Health Care Facilities > Clinic/Center > Radiology, Mobile	74
261QR0400X	Ambulatory Health Care Facilities > Clinic/Center > Rehabilitation	74
261QR0401X	Ambulatory Health Care Facilities > Clinic/Center > Rehabilitation, Comprehensive Outpatient Rehabilitation Facility (CORF)	74
261QR0404X	Ambulatory Health Care Facilities > Clinic/Center > Rehabilitation, Cardiac Facilities	74
261QR0405X	Ambulatory Health Care Facilities > Clinic/Center > Rehabilitation, Substance Use Disorder	74
261QR0800X	Ambulatory Health Care Facilities > Clinic/Center > Recovery Care	74
261QR1100X	Ambulatory Health Care Facilities > Clinic/Center > Research	74
261QR1300X	Ambulatory Health Care Facilities > Clinic/Center > Rural Health	74
261QS0112X	Ambulatory Health Care Facilities > Clinic/Center > Oral and Maxillofacial Surgery	74
261QS0132X	Ambulatory Health Care Facilities > Clinic/Center > Ophthalmologic Surgery	74
261QS1000X	Ambulatory Health Care Facilities > Clinic/Center > Student Health	74
261QS1200X	Ambulatory Health Care Facilities > Clinic/Center > Sleep Disorder Diagnostic	74
261QU0200X	Ambulatory Health Care Facilities > Clinic/Center > Urgent Care	74
261QV0200X	Ambulatory Health Care Facilities > Clinic/Center > VA	74
261QX0100X	Ambulatory Health Care Facilities > Clinic/Center > Occupational Medicine	74
261QX0200X	Ambulatory Health Care Facilities > Clinic/Center > Oncology	74
261QX0203X	Ambulatory Health Care Facilities > Clinic/Center > Oncology, Radiation	74
273100000X	Hospital Units > Epilepsy Unit	74
273R00000X	Hospital Units > Psychiatric Unit	74
273Y00000X	Hospital Units > Rehabilitation Unit	74
275N00000X	Hospital Units > Medicare Defined Swing Bed Unit	74
276400000X	Hospital Units > Rehabilitation, Substance Use Disorder Unit	74
281P00000X	Hospitals > Chronic Disease Hospital	74
281PC2000X	Hospitals > Chronic Disease Hospital > Children	74
282E00000X	Hospitals > Long Term Care Hospital	74
282J00000X	Hospitals > Religious Nonmedical Health Care Institution	74
282N00000X	Hospitals > General Acute Care Hospital	74
282NC0060X	Hospitals > General Acute Care Hospital > Critical Access	74
282NC2000X	Hospitals > General Acute Care Hospital > Children	74
282NR1301X	Hospitals > General Acute Care Hospital > Rural	74
282NW0100X	Hospitals > General Acute Care Hospital > Women	74
283Q00000X	Hospitals > Psychiatric Hospital	74
283X00000X	Hospitals > Rehabilitation Hospital	74
283XC2000X	Hospitals > Rehabilitation Hospital > Children	74
284300000X	Hospitals > Special Hospital	74
286500000X	Hospitals > Military Hospital	74
2865C1500X	Hospitals > Military Hospital > Community Health	74
2865M2000X	Hospitals > Military Hospital > Military General Acute Care Hospital	74
2865X1600X	Hospitals > Military Hospital > Military General Acute Care Hospital. Operational (Transportable)	74
287300000X	Hospitals > Christian Science Sanitorium	74
291900000X	Laboratories > Military Clinical Medical Laboratory	75
291U00000X	Laboratories > Clinical Medical Laboratory	75
292200000X	Laboratories > Dental Laboratory	75
293D00000X	Laboratories > Physiological Laboratory	75
302F00000X	Managed Care Organizations > Exclusive Provider Organization	62
302R00000X	Managed Care Organizations > Health Maintenance Organization	62
305R00000X	Managed Care Organizations > Preferred Provider Organization	62
305S00000X	Managed Care Organizations > Point of Service	62
310400000X	Nursing & Custodial Care Facilities > Assisted Living Facility	64
3104A0625X	Nursing & Custodial Care Facilities > Assisted Living Facility > Assisted Living, Mental Illness	64
3104A0630X	Nursing & Custodial Care Facilities > Assisted Living Facility > Assisted Living, Behavioral Disturbances	64
310500000X	Nursing & Custodial Care Facilities > Intermediate Care Facility, Mental Illness	64
311500000X	Nursing & Custodial Care Facilities > Alzheimer Center (Dementia Center)	64
311Z00000X	Nursing & Custodial Care Facilities > Custodial Care Facility	65
311ZA0620X	Nursing & Custodial Care Facilities > Custodial Care Facility > Adult Care Home	64
313M00000X	Nursing & Custodial Care Facilities > Nursing Facility/Intermediate Care Facility	66
314000000X	Nursing & Custodial Care Facilities > Skilled Nursing Facility	66
3140N1450X	Nursing & Custodial Care Facilities > Skilled Nursing Facility > Nursing Care, Pediatric	66
315D00000X	Nursing & Custodial Care Facilities > Hospice, Inpatient	64
315P00000X	Nursing & Custodial Care Facilities > Intermediate Care Facility, Mentally Retarded	64
317400000X	Nursing & Custodial Care Facilities > Christian Science Facility	64
320600000X	Residential Treatment Facilities > Residential Treatment Facility, Mental Retardation and/or Developmental Disabilities	62
320700000X	Residential Treatment Facilities > Residential Treatment Facility, Physical Disabilities	62
320800000X	Residential Treatment Facilities > Community Based Residential Treatment Facility, Mental Illness	62
320900000X	Residential Treatment Facilities > Community Based Residential Treatment, Mental Retardation and/or Developmental Disabilities	62
322D00000X	Residential Treatment Facilities > Residential Treatment Facility, Emotionally Disturbed Children	62
323P00000X	Residential Treatment Facilities > Psychiatric Residential Treatment Facility	62
324500000X	Residential Treatment Facilities > Substance Abuse Rehabilitation Facility	62
3245S0500X	Residential Treatment Facilities > Substance Abuse Rehabilitation Facility > Substance Abuse Treatment, Children	62
331L00000X	Suppliers > Blood Bank	67
332000000X	Suppliers > Military/U.S. Coast Guard Pharmacy	75
332100000X	Suppliers > Department of Veterans Affairs (VA) Pharmacy	75
332800000X	Suppliers > Indian Health Service/Tribal/Urban Indian Health (I/T/U) Pharmacy	75
332900000X	Suppliers > Non-Pharmacy Dispensing Site	75
332B00000X	Suppliers > Durable Medical Equipment & Medical Supplies	75
332BC3200X	Suppliers > Durable Medical Equipment & Medical Supplies > Customized Equipment	75
332BD1200X	Suppliers > Durable Medical Equipment & Medical Supplies > Dialysis Equipment & Supplies	75
332BN1400X	Suppliers > Durable Medical Equipment & Medical Supplies > Nursing Facility Supplies	75
332BP3500X	Suppliers > Durable Medical Equipment & Medical Supplies > Parenteral & Enteral Nutrition	75
332BX2000X	Suppliers > Durable Medical Equipment & Medical Supplies > Oxygen Equipment & Supplies	75
332G00000X	Suppliers > Eye Bank	75
332H00000X	Suppliers > Eyewear Supplier (Equipment, not the service)	75
332S00000X	Suppliers > Hearing Aid Equipment	75
332U00000X	Suppliers > Home Delivered Meals	75
333300000X	Suppliers > Emergency Response System Companies	70
333600000X	Suppliers > Pharmacy	80
3336C0002X	Suppliers > Pharmacy > Clinic Pharmacy	80
3336C0003X	Suppliers > Pharmacy > Community/Retail Pharmacy	80
3336C0004X	Suppliers > Pharmacy > Compounding Pharmacy	80
3336H0001X	Suppliers > Pharmacy > Home Infusion Therapy Pharmacy	80
3336I0012X	Suppliers > Pharmacy > Institutional Pharmacy	80
3336L0003X	Suppliers > Pharmacy > Long Term Care Pharmacy	80
3336M0002X	Suppliers > Pharmacy > Mail Order Pharmacy	80
3336M0003X	Suppliers > Pharmacy > Managed Care Organization Pharmacy	80
3336N0007X	Suppliers > Pharmacy > Nuclear Pharmacy	80
3336S0011X	Suppliers > Pharmacy > Specialty Pharmacy	80
335E00000X	Suppliers > Prosthetic/Orthotic Supplier	75
335G00000X	Suppliers > Medical Foods Supplier	75
335U00000X	Suppliers > Organ Procurement Organization	75
335V00000X	Suppliers > Portable X-Ray Supplier	75
341600000X	Transportation Services > Ambulance	71
3416A0800X	Transportation Services > Ambulance > Air Transport	71
3416L0300X	Transportation Services > Ambulance > Land Transport	71
3416S0300X	Transportation Services > Ambulance > Water Transport	71
341800000X	Transportation Services > Military/U.S. Coast Guard Transport	71
3418M1110X	Transportation Services > Military/U.S. Coast Guard Transport > Military or U.S. Coast Guard Ambulance, Ground Transport	71
3418M1120X	Transportation Services > Military/U.S. Coast Guard Transport > Military or U.S. Coast Guard Ambulance, Air Transport	71
3418M1130X	Transportation Services > Military/U.S. Coast Guard Transport > Military or U.S. Coast Guard Ambulance, Water Transport	71
343800000X	Transportation Services > Secured Medical Transport (VAN)	62
343900000X	Transportation Services > Non-emergency Medical Transport (VAN)	62
344600000X	Transportation Services > Taxi	420
344800000X	Transportation Services > Air Carrier	415
347B00000X	Transportation Services > Bus	415
347C00000X	Transportation Services > Private Vehicle	415
347D00000X	Transportation Services > Train	415
347E00000X	Transportation Services > Transportation Broker	415
363A00000X	Physician Assistants & Advanced Practice Nursing Providers > Physician Assistant	79
363AM0700X	Physician Assistants & Advanced Practice Nursing Providers > Physician Assistant > Medical	79
363AS0400X	Physician Assistants & Advanced Practice Nursing Providers > Physician Assistant > Surgical	79
363L00000X	Physician Assistants & Advanced Practice Nursing Providers > Nurse Practitioner	79
363LA2100X	Physician Assistants & Advanced Practice Nursing Providers > Nurse Practitioner > Acute Care	79
363LA2200X	Physician Assistants & Advanced Practice Nursing Providers > Nurse Practitioner > Adult Health	79
363LC0200X	Physician Assistants & Advanced Practice Nursing Providers > Nurse Practitioner > Critical Care Medicine	79
363LC1500X	Physician Assistants & Advanced Practice Nursing Providers > Nurse Practitioner > Community Health	79
363LF0000X	Physician Assistants & Advanced Practice Nursing Providers > Nurse Practitioner > Family	79
363LG0600X	Physician Assistants & Advanced Practice Nursing Providers > Nurse Practitioner > Gerontology	79
363LN0000X	Physician Assistants & Advanced Practice Nursing Providers > Nurse Practitioner > Neonatal	79
363LN0005X	Physician Assistants & Advanced Practice Nursing Providers > Nurse Practitioner > Neonatal, Critical Care	79
363LP0200X	Physician Assistants & Advanced Practice Nursing Providers > Nurse Practitioner > Pediatrics	79
363LP0222X	Physician Assistants & Advanced Practice Nursing Providers > Nurse Practitioner > Pediatrics, Critical Care	79
363LP0808X	Physician Assistants & Advanced Practice Nursing Providers > Nurse Practitioner > Psych/Mental Health	79
363LP1700X	Physician Assistants & Advanced Practice Nursing Providers > Nurse Practitioner > Perinatal	79
363LP2300X	Physician Assistants & Advanced Practice Nursing Providers > Nurse Practitioner > Primary Care	79
363LS0200X	Physician Assistants & Advanced Practice Nursing Providers > Nurse Practitioner > School	79
363LW0102X	Physician Assistants & Advanced Practice Nursing Providers > Nurse Practitioner > Women's Health	79
363LX0001X	Physician Assistants & Advanced Practice Nursing Providers > Nurse Practitioner > Obstetrics & Gynecology	74
363LX0106X	Physician Assistants & Advanced Practice Nursing Providers > Nurse Practitioner > Occupational Health	79
364S00000X	Physician Assistants & Advanced Practice Nursing Providers > Clinical Nurse Specialist	79
364SA2100X	Physician Assistants & Advanced Practice Nursing Providers > Clinical Nurse Specialist > Acute Care	79
364SA2200X	Physician Assistants & Advanced Practice Nursing Providers > Clinical Nurse Specialist > Adult Health	79
364SC0200X	Physician Assistants & Advanced Practice Nursing Providers > Clinical Nurse Specialist > Critical Care Medicine	79
364SC1501X	Physician Assistants & Advanced Practice Nursing Providers > Clinical Nurse Specialist > Community Health/Public Health	79
364SC2300X	Physician Assistants & Advanced Practice Nursing Providers > Clinical Nurse Specialist > Chronic Care	79
364SE0003X	Physician Assistants & Advanced Practice Nursing Providers > Clinical Nurse Specialist > Emergency	79
364SE1400X	Physician Assistants & Advanced Practice Nursing Providers > Clinical Nurse Specialist > Ethics	79
364SF0001X	Physician Assistants & Advanced Practice Nursing Providers > Clinical Nurse Specialist > Family Health	79
364SG0600X	Physician Assistants & Advanced Practice Nursing Providers > Clinical Nurse Specialist > Gerontology	79
364SH0200X	Physician Assistants & Advanced Practice Nursing Providers > Clinical Nurse Specialist > Home Health	79
364SH1100X	Physician Assistants & Advanced Practice Nursing Providers > Clinical Nurse Specialist > Holistic	79
364SI0800X	Physician Assistants & Advanced Practice Nursing Providers > Clinical Nurse Specialist > Informatics	79
364SL0600X	Physician Assistants & Advanced Practice Nursing Providers > Clinical Nurse Specialist > Long-Term Care	79
364SM0705X	Physician Assistants & Advanced Practice Nursing Providers > Clinical Nurse Specialist > Medical-Surgical	79
364SN0000X	Physician Assistants & Advanced Practice Nursing Providers > Clinical Nurse Specialist > Neonatal	79
364SN0800X	Physician Assistants & Advanced Practice Nursing Providers > Clinical Nurse Specialist > Neuroscience	79
364SP0200X	Physician Assistants & Advanced Practice Nursing Providers > Clinical Nurse Specialist > Pediatrics	79
364SP0807X	Physician Assistants & Advanced Practice Nursing Providers > Clinical Nurse Specialist > Psych/Mental Health, Child & Adolescent	79
364SP0808X	Physician Assistants & Advanced Practice Nursing Providers > Clinical Nurse Specialist > Psych/Mental Health	79
364SP0809X	Physician Assistants & Advanced Practice Nursing Providers > Clinical Nurse Specialist > Psych/Mental Health, Adult	79
364SP0810X	Physician Assistants & Advanced Practice Nursing Providers > Clinical Nurse Specialist > Psych/Mental Health, Child & Family	79
364SP0811X	Physician Assistants & Advanced Practice Nursing Providers > Clinical Nurse Specialist > Psych/Mental Health, Chronically Ill	79
364SP0812X	Physician Assistants & Advanced Practice Nursing Providers > Clinical Nurse Specialist > Psych/Mental Health, Community	79
364SP0813X	Physician Assistants & Advanced Practice Nursing Providers > Clinical Nurse Specialist > Psych/Mental Health, Geropsychiatric	79
364SP1700X	Physician Assistants & Advanced Practice Nursing Providers > Clinical Nurse Specialist > Perinatal	79
364SP2800X	Physician Assistants & Advanced Practice Nursing Providers > Clinical Nurse Specialist > Perioperative	79
364SR0400X	Physician Assistants & Advanced Practice Nursing Providers > Clinical Nurse Specialist > Rehabilitation	79
364SS0200X	Physician Assistants & Advanced Practice Nursing Providers > Clinical Nurse Specialist > School	79
364ST0500X	Physician Assistants & Advanced Practice Nursing Providers > Clinical Nurse Specialist > Transplantation	79
364SW0102X	Physician Assistants & Advanced Practice Nursing Providers > Clinical Nurse Specialist > Women's Health	79
364SX0106X	Physician Assistants & Advanced Practice Nursing Providers > Clinical Nurse Specialist > Occupational Health	79
364SX0200X	Physician Assistants & Advanced Practice Nursing Providers > Clinical Nurse Specialist > Oncology	79
364SX0204X	Physician Assistants & Advanced Practice Nursing Providers > Clinical Nurse Specialist > Oncology, Pediatrics	79
367500000X	Physician Assistants & Advanced Practice Nursing Providers > Nurse Anesthetist, Certified Registered	79
367A00000X	Physician Assistants & Advanced Practice Nursing Providers > Advanced Practice Midwife	79
367H00000X	Physician Assistants & Advanced Practice Nursing Providers > Anesthesiologist Assistant	79
372500000X	Nursing Service Related Providers > Chore Provider	79
372600000X	Nursing Service Related Providers > Adult Companion	79
373H00000X	Nursing Service Related Providers > Day Training/Habilitation Specialist	79
374700000X	Nursing Service Related Providers > Technician	79
3747A0650X	Nursing Service Related Providers > Technician > Attendant Care Provider	79
3747P1801X	Nursing Service Related Providers > Technician > Personal Care Attendant	79
374J00000X	Nursing Service Related Providers > Doula	79
374K00000X	Nursing Service Related Providers > Religious Nonmedical Practitioner	79
374T00000X	Nursing Service Related Providers > Religious Nonmedical Nursing Personnel	79
374U00000X	Nursing Service Related Providers > Home Health Aide	79
376G00000X	Nursing Service Related Providers > Nursing Home Administrator	79
376J00000X	Nursing Service Related Providers > Homemaker	79
376K00000X	Nursing Service Related Providers > Nurse's Aide	79
385H00000X	Respite Care Facility > Respite Care	64
385HR2050X	Respite Care Facility > Respite Care > Respite Care Camp	64
385HR2055X	Respite Care Facility > Respite Care > Respite Care, Mental Illness, Child	64
385HR2060X	Respite Care Facility > Respite Care > Respite Care, Mental Retardation and/or Developmental Disabilities, Child	64
385HR2065X	Respite Care Facility > Respite Care > Respite Care, Physical Disabilities, Child	64
390200000X	Student, Health Care > Student in an Organized Health Care Education/Training Program	62
