mcc_code	mcc_label	factual_category_id
0742	Veterinary Services	305
0763	Agricultural Co-operatives	204
0780	Horticultural Services, Landscaping Services	253
1520	General Contractors-residential And Commercial	239
1711	Air Conditioning Contractors – Sales And Installation, Heating Contractors – Sales, Service, Installation	239
1731	Electrical Contractors	239
1740	Insulation – Contractors, Masonry, Stonework Contractors, Plastering Contractors, Stonework And Masonry Contractors, Tile Settings Contractors	239
1750	Carpentry Contractors	239
1761	Roofing – Contractors, Sheet Metal Work – Contractors, Siding – Contractors	239
1771	Contractors – Concrete Work	239
1799	Contractors – Special Trade, Not Elsewhere Classified	239
2741	Miscellaneous Publishing And Printing	288
2791	Typesetting, Plate Making, & Related Services	288
2842	Specialty Cleaning, Polishing, And Sanitation Preparations	289
3000	United Airlines	416
3001	American Airlines	416
3002	Pan American	416
3003	Airlines	416
3004	Trans World Airlines	416
3005	British Airways	416
3006	Japan Airlines	416
3007	Air France	416
3008	Lufthansa	416
3009	Air Canada	416
3010	Klm (royal Dutch Airlines)	416
3011	Aeorflot	416
3012	Quantas	416
3013	Alitalia	416
3014	Saudia Arabian Airlines	416
3015	Swissair	416
3016	Sas	416
3017	South African Airways	416
3018	Varig (brazil)	416
3019	Airlines	416
3020	Air-india	416
3021	Air Algerie	416
3022	Philippine Airlines	416
3023	Mexicana	416
3024	Pakistan International	416
3025	Air New Zealand	416
3026	Airlines	416
3027	Uta/interair	416
3028	Air Malta	416
3029	Sabena	416
3030	Aerolineas Argentinas	416
3031	Olympic Airways	416
3032	El Al	416
3033	Ansett Airlines	416
3034	Austrainlian Airlines	416
3035	Tap (portugal)	416
3036	Vasp (brazil)	416
3037	Egyptair	416
3038	Kuwait Airlines	416
3039	Avianca	416
3040	Gulf Air (bahrain)	416
3041	Balkan-bulgarian Airlines	416
3042	Finnair	416
3043	Aer Lingus	416
3044	Air Lanka	416
3045	Nigeria Airways	416
3046	Cruzeiro Do Sul (brazij)	416
3047	Thy (turkey)	416
3048	Royal Air Maroc	416
3049	Tunis Air	416
3050	Icelandair	416
3051	Austrian Airlines	416
3052	Lanchile	416
3053	Aviaco (spain)	416
3054	Ladeco (chile)	416
3055	Lab (bolivia)	416
3056	Quebecaire	416
3057	Eastwest Airlines (australia)	416
3058	Delta	416
3059	Airlines	416
3060	Northwest	416
3061	Continental	416
3062	Western	416
3063	Us Air	416
3064	Airlines	416
3065	Airinter	416
3066	Southwest	416
3067	Airlines	416
3068	Airlines	416
3069	Airlines	416
3070	Airlines	416
3071	Air British Colubia	416
3072	Airlines	416
3073	Airlines	416
3074	Airlines	416
3075	Singapore Airlines	416
3076	Aeromexico	416
3077	Thai Airways	416
3078	China Airlines	416
3079	Airlines	416
3080	Airlines	416
3081	Nordair	416
3082	Korean Airlines	416
3083	Air Afrigue	416
3084	Eva Airlines	416
3085	Midwest Express Airlines, Inc.	416
3086	Airlines	416
3087	Metro Airlines	416
3088	Croatia Airlines	416
3089	Transaero	416
3090	Airlines	416
3091	Airlines	416
3092	Airlines	416
3093	Airlines	416
3094	Zambia Airways	416
3095	Airlines	416
3096	Air Zimbabwe	416
3097	Airlines	416
3098	Airlines	416
3099	Cathay Pacific	416
3100	Malaysian Airline System	416
3101	Airlines	416
3102	Iberia	416
3103	Garuda (indonesia)	416
3104	Airlines	416
3105	Airlines	416
3106	Braathens S.a.f.e. (norway)	416
3107	Airlines	416
3108	Airlines	416
3109	Airlines	416
3110	Wings Airways	416
3111	British Midland	416
3112	Windward Island	416
3113	Airlines	416
3114	Airlines	416
3115	Airlines	416
3116	Airlines	416
3117	Viasa	416
3118	Valley Airlines	416
3119	Airlines	416
3120	Airlines	416
3121	Airlines	416
3122	Airlines	416
3123	Airlines	416
3124	Airlines	416
3125	Tan	416
3126	Talair	416
3127	Taca International	416
3128	Airlines	416
3129	Surinam Airways	416
3130	Sun World International	416
3131	Airlines	416
3132	Airlines	416
3133	Sunbelt Airlines	416
3134	Airlines	416
3135	Sudan Airways	416
3136	Airlines	416
3137	Singleton	416
3138	Simmons Airlines	416
3139	Airlines	416
3140	Airlines	416
3141	Airlines	416
3142	Airlines	416
3143	Scenic Airlines	416
3144	Virgin Atlantic	416
3145	San Juan Airlines	416
3146	Luxair	416
3147	Airlines	416
3148	Airlines	416
3149	Airlines	416
3150	Airlines	416
3151	Air Zaire	416
3152	Airlines	416
3153	Airlines	416
3154	Princeville	416
3155	Airlines	416
3156	Airlines	416
3157	Airlines	416
3158	Airlines	416
3159	Pba	416
3160	Airlines	416
3161	All Nippon Airways	416
3162	Airlines	416
3163	Airlines	416
3164	Norontair	416
3165	New York Helicopter	416
3166	Airlines	416
3167	Airlines	416
3168	Airlines	416
3169	Airlines	416
3170	Nount Cook	416
3171	Canadian Airlines International	416
3172	Nationair	416
3173	Airlines	416
3174	Airlines	416
3175	Airlines	416
3176	Metroflight Airlines	416
3177	Airlines	416
3178	Mesa Air	416
3179	Airlines	416
3180	Airlines	416
3181	Malev	416
3182	Lot (poland)	416
3183	Airlines	416
3184	Liat	416
3185	Lav (venezuela)	416
3186	Lap (paraguay)	416
3187	Lacsa (costa Rica)	416
3188	Airlines	416
3189	Airlines	416
3190	Jugoslav Air	416
3191	Island Airlines	416
3192	Iran Air	416
3193	Indian Airlines	416
3194	Airlines	416
3195	Airlines	416
3196	Hawaiian Air	416
3197	Havasu Airlines	416
3198	Airlines	416
3199	Airlines	416
3200	Fuyana Airways	416
3201	Airlines	416
3202	Airlines	416
3203	Golden Pacific Air	416
3204	Freedom Air	416
3205	Airlines	416
3206	Airlines	416
3207	Airlines	416
3208	Airlines	416
3209	Airlines	416
3210	Airlines	416
3211	Airlines	416
3212	Dominicana	416
3213	Airlines	416
3214	Airlines	416
3215	Dan Air Services	416
3216	Cumberland Airlines	416
3217	Csa	416
3218	Crown Air	416
3219	Copa	416
3220	Compania Faucett	416
3221	Transportes Aeros Militares Eccuatoranos	416
3222	Command Airways	416
3223	Comair	416
3224	Airlines	416
3225	Airlines	416
3226	Airlines	416
3227	Airlines	416
3228	Cayman Airways	416
3229	Saeta Sociaedad Ecuatorianos De Transportes Aereos	416
3230	Airlines	416
3231	Sasha Servicio Aero De Honduras	416
3232	Airlines	416
3233	Capitol Air	416
3234	Bwia	416
3235	Brokway Air	416
3236	Airlines	416
3237	Airlines	416
3238	Bemidji Airlines	416
3239	Bar Harbor Airlines	416
3240	Bahamasair	416
3241	Aviateca (guatemala)	416
3242	Avensa	416
3243	Austrian Air Service	416
3244	Airlines	416
3245	Airlines	416
3246	Airlines	416
3247	Airlines	416
3248	Airlines	416
3249	Airlines	416
3250	Airlines	416
3251	Aloha Airlines	416
3252	Alm	416
3253	America West	416
3254	Trump Airline	416
3255	Airlines	416
3256	Alaska Airlines	416
3257	Airlines	416
3258	Airlines	416
3259	American Trans Air	416
3260	Airlines	416
3261	Air China	416
3262	Reno Air, Inc.	416
3263	Airlines	416
3264	Airlines	416
3265	Airlines	416
3266	Air Seychelles	416
3267	Air Panama	416
3268	Airlines	416
3269	Airlines	416
3270	Airlines	416
3271	Airlines	416
3272	Airlines	416
3273	Airlines	416
3274	Airlines	416
3275	Airlines	416
3276	Airlines	416
3277	Airlines	416
3278	Airlines	416
3279	Airlines	416
3280	Air Jamaica	416
3281	Airlines	416
3282	Air Djibouti	416
3283	Airlines	416
3284	Aero Virgin Islands	416
3285	Aero Peru	416
3286	Aerolineas Nicaraguensis	416
3287	Aero Coach Avaiation	416
3288	Airlines	416
3289	Airlines	416
3290	Airlines	416
3291	Ariana Afghan	416
3292	Cyprus Airways	416
3293	Ecuatoriana	416
3294	Ethiopian Airlines	416
3295	Kenya Airlines	416
3296	Airlines	416
3297	Airlines	416
3298	Air Mauritius	416
3299	Widero’s Flyveselskap	416
3351	Affiliated Auto Rental	421
3352	American Intl Rent-a-car	421
3353	Brooks Rent-a-car	421
3354	Action Auto Rental	421
3355	Car Rental	421
3356	Car Rental	421
3357	Hertz Rent-a-car	421
3358	Car Rental	421
3359	Payless Car Rental	421
3360	Snappy Car Rental	421
3361	Airways Rent-a-car	421
3362	Altra Auto Rental	421
3363	Car Rental	421
3364	Agency Rent-a-car	421
3365	Car Rental	421
3366	Budget Rent-a-car	421
3367	Car Rental	421
3368	Holiday Rent-a-wreck	421
3369	Car Rental	421
3370	Rent-a-wreck	421
3371	Car Rental	421
3372	Car Rental	421
3373	Car Rental	421
3374	Car Rental	421
3375	Car Rental	421
3376	Ajax Rent-a-car	421
3377	Car Rental	421
3378	Car Rental	421
3379	Car Rental	421
3380	Car Rental	421
3381	Europ Car	421
3382	Car Rental	421
3383	Car Rental	421
3384	Car Rental	421
3385	Tropical Rent-a-car	421
3386	Showcase Rental Cars	421
3387	Alamo Rent-a-car	421
3388	Car Rental	421
3389	Avis Rent-a-car	421
3390	Dollar Rent-a-car	421
3391	Europe By Car	421
3392	Car Rental	421
3393	National Car Rental	421
3394	Kemwell Group Rent-a-car	421
3395	Thrifty Rent-a-car	421
3396	Tilden Tent-a-car	421
3397	Car Rental	421
3398	Econo-car Rent-a-car	421
3399	Car Rental	421
3400	Auto Host Cost Car Rentals	421
3401	Car Rental	421
3402	Car Rental	421
3403	Car Rental	421
3404	Car Rental	421
3405	Enterprise Rent-a-car	421
3406	Car Rental	421
3407	Car Rental	421
3408	Car Rental	421
3409	General Rent-a-car	421
3410	Car Rental	421
3411	Car Rental	421
3412	A-1 Rent-a-car	421
3413	Car Rental	421
3414	Godfrey Natl Rent-a-car	421
3415	Car Rental	421
3416	Car Rental	421
3417	Car Rental	421
3418	Car Rental	421
3419	Alpha Rent-a-car	421
3420	Ansa Intl Rent-a-car	421
3421	Allstae Rent-a-car	421
3422	Car Rental	421
3423	Avcar Rent-a-car	421
3424	Car Rental	421
3425	Automate Rent-a-car	421
3426	Car Rental	421
3427	Avon Rent-a-car	421
3428	Carey Rent-a-car	421
3429	Insurance Rent-a-car	421
3430	Major Rent-a-car	421
3431	Replacement Rent-a-car	421
3432	Reserve Rent-a-car	421
3433	Ugly Duckling Rent-a-car	421
3434	Usa Rent-a-car	421
3435	Value Rent-a-car	421
3436	Autohansa Rent-a-car	421
3437	Cite Rent-a-car	421
3438	Interent Rent-a-car	421
3439	Milleville Rent-a-car	421
3440	Via Route Rent-a-car	421
3441	Car Rental	421
3501	Holiday Inns, Holiday Inn Express	432
3502	Best Western Hotels	432
3503	Sheraton Hotels	432
3504	Hilton Hotels	432
3505	Forte Hotels	432
3506	Golden Tulip Hotels	432
3507	Friendship Inns	432
3508	Quality Inns, Quality Suites	432
3509	Marriott Hotels	432
3510	Days Inn, Daystop	432
3511	Arabella Hotels	432
3512	Inter-continental Hotels	432
3513	Westin Hotels	432
3514	Hotels/motels/inns/resorts	432
3515	Rodeway Inns	432
3516	La Quinta Motor Inns	432
3517	Americana Hotels	432
3518	Sol Hotels	432
3519	Pullman International Hotels	432
3520	Meridien Hotels	432
3521	Crest Hotels (see Forte Hotels)	432
3522	Tokyo Hotel	432
3523	Pennsula Hotel	432
3524	Welcomgroup Hotels	432
3525	Dunfey Hotels	432
3526	Hotels/motels/inns/resorts	432
3527	Downtowner-passport Hotel	432
3528	Red Lion Hotels, Red Lion Inns	432
3529	Cp Hotels	432
3530	Renaissance Hotels, Stouffer Hotels	432
3531	Astir Hotels	432
3532	Sun Route Hotels	432
3533	Hotel Ibis	432
3534	Southern Pacific Hotels	432
3535	Hilton International	432
3536	Amfac Hotels	432
3537	Ana Hotel	432
3538	Concorde Hotels	432
3539	Hotels/motels/inns/resorts	432
3540	Iberotel Hotels	432
3541	Hotel Okura	432
3542	Royal Hotels	432
3543	Four Seasons Hotels	432
3544	Ciga Hotels	432
3545	Shangri-la International	432
3546	Hotels/motels/inns/resorts	432
3547	Hotels/motels/inns/resorts	432
3548	Hoteles Melia	432
3549	Auberge Des Governeurs	432
3550	Regal 8 Inns	432
3551	Hotels/motels/inns/resorts	432
3552	Coast Hotels	432
3553	Park Inns International	432
3554	Hotels/motels/inns/resorts	432
3555	Hotels/motels/inns/resorts	432
3556	Hotels/motels/inns/resorts	432
3557	Hotels/motels/inns/resorts	432
3558	Jolly Hotels	432
3559	Hotels/motels/inns/resorts	432
3560	Hotels/motels/inns/resorts	432
3561	Hotels/motels/inns/resorts	432
3562	Comfort Inns	432
3563	Journey’s End Motls	432
3564	Hotels/motels/inns/resorts	432
3565	Relax Inns	432
3566	Hotels/motels/inns/resorts	432
3567	Hotels/motels/inns/resorts	432
3568	Ladbroke Hotels	432
3569	Hotels/motels/inns/resorts	432
3570	Forum Hotels	432
3571	Hotels/motels/inns/resorts	432
3572	Miyako Hotels	432
3573	Sandman Hotels	432
3574	Venture Inns	432
3575	Vagabond Hotels	432
3576	Hotels/motels/inns/resorts	432
3577	Mandarin Oriental Hotel	432
3578	Hotels/motels/inns/resorts	432
3579	Hotel Mercure	432
3580	Hotels/motels/inns/resorts	432
3581	Delta Hotel	432
3582	Hotels/motels/inns/resorts	432
3583	Sas Hotels	432
3584	Princess Hotels International	432
3585	Hungar Hotels	432
3586	Sokos Hotels	432
3587	Doral Hotels	432
3588	Helmsley Hotels	432
3589	Hotels/motels/inns/resorts	432
3590	Fairmont Hotels	432
3591	Sonesta Hotels	432
3592	Omni Hotels	432
3593	Cunard Hotels	432
3594	Hotels/motels/inns/resorts	432
3595	Hospitality International	432
3596	Hotels/motels/inns/resorts	432
3597	Hotels/motels/inns/resorts	432
3598	Regent International Hotels	432
3599	Pannonia Hotels	432
3600	Hotels/motels/inns/resorts	432
3601	Hotels/motels/inns/resorts	432
3602	Hotels/motels/inns/resorts	432
3603	Noah’s Hotels	432
3604	Hotels/motels/inns/resorts	432
3605	Hotels/motels/inns/resorts	432
3606	Hotels/motels/inns/resorts	432
3607	Hotels/motels/inns/resorts	432
3608	Hotels/motels/inns/resorts	432
3609	Hotels/motels/inns/resorts	432
3610	Hotels/motels/inns/resorts	432
3611	Hotels/motels/inns/resorts	432
3612	Movenpick Hotels	432
3613	Hotels/motels/inns/resorts	432
3614	Hotels/motels/inns/resorts	432
3615	Travelodge	432
3616	Hotels/motels/inns/resorts	432
3617	Hotels/motels/inns/resorts	432
3618	Hotels/motels/inns/resorts	432
3619	Hotels/motels/inns/resorts	432
3620	Telford International	432
3621	Hotels/motels/inns/resorts	432
3622	Merlin Hotels	432
3623	Dorint Hotels	432
3624	Hotels/motels/inns/resorts	432
3625	Hotle Universale	432
3626	Prince Hotels	432
3627	Hotels/motels/inns/resorts	432
3628	Hotels/motels/inns/resorts	432
3629	Dan Hotels	432
3630	Hotels/motels/inns/resorts	432
3631	Hotels/motels/inns/resorts	432
3632	Hotels/motels/inns/resorts	432
3633	Rank Hotels	432
3634	Swissotel	432
3635	Reso Hotels	432
3636	Sarova Hotels	432
3637	Ramada Inns, Ramada Limited	432
3638	Ho Jo Inn, Howard Johnson	432
3639	Mount Charlotte Thistle	432
3640	Hyatt Hotel	432
3641	Sofitel Hotels	432
3642	Novotel Hotels	432
3643	Steigenberger Hotels	432
3644	Econo Lodges	432
3645	Queens Moat Houses	432
3646	Swallow Hotels	432
3647	Husa Hotels	432
3648	De Vere Hotels	432
3649	Radisson Hotels	432
3650	Red Rook Inns	432
3651	Imperial London Hotel	432
3652	Embassy Hotels	432
3653	Penta Hotels	432
3654	Loews Hotels	432
3655	Scandic Hotels	432
3656	Sara Hotels	432
3657	Oberoi Hotels	432
3658	Otani Hotels	432
3659	Taj Hotels International	432
3660	Knights Inns	432
3661	Metropole Hotels	432
3662	Hotels/motels/inns/resorts	432
3663	Hoteles El Presidents	432
3664	Flag Inn	432
3665	Hampton Inns	432
3666	Stakis Hotels	432
3667	Hotels/motels/inns/resorts	432
3668	Maritim Hotels	432
3669	Hotels/motels/inns/resorts	432
3670	Arcard Hotels	432
3671	Arctia Hotels	432
3672	Campaniel Hotels	432
3673	Ibusz Hotels	432
3674	Rantasipi Hotels	432
3675	Interhotel Cedok	432
3676	Hotels/motels/inns/resorts	432
3677	Climat De France Hotels	432
3678	Cumulus Hotels	432
3679	Danubius Hotel	432
3680	Hotels/motels/inns/resorts	432
3681	Adams Mark Hotels	432
3682	Allstar Inns	432
3683	Hotels/motels/inns/resorts	432
3684	Budget Host Inns	432
3685	Budgetel Hotels	432
3686	Suisse Chalets	432
3687	Clarion Hotels	432
3688	Compri Hotels	432
3689	Consort Hotels	432
3690	Courtyard By Marriott	432
3691	Dillion Inns	432
3692	Doubletree Hotels	432
3693	Drury Inns	432
3694	Economy Inns Of America	432
3695	Embassy Suites	432
3696	Exel Inns	432
3697	Farfield Hotels	432
3698	Harley Hotels	432
3699	Midway Motor Lodge	432
3700	Motel 6	432
3701	Guest Quarters (formally Pickett Suite Hotels)	432
3702	The Registry Hotels	432
3703	Residence Inns	432
3704	Royce Hotels	432
3705	Sandman Inns	432
3706	Shilo Inns	432
3707	Shoney’s Inns	432
3708	Hotels/motels/inns/resorts	432
3709	Super8 Motels	432
3710	The Ritz Carlton Hotels	432
3711	Flag Inns (ausralia)	432
3712	Golden Chain Hotel	432
3713	Quality Pacific Hotel	432
3714	Four Seasons Hotel (australia)	432
3715	Farifield Inn	432
3716	Carlton Hotels	432
3717	City Lodge Hotels	432
3718	Karos Hotels	432
3719	Protea Hotels	432
3720	Southern Sun Hotels	432
3721	Hilton Conrad	432
3722	Wyndham Hotel And Resorts	432
3723	Rica Hotels	432
3724	Iner Nor Hotels	432
3725	Seaines Planation	432
3726	Rio Suites	432
3727	Broadmoor Hotel	432
3728	Bally’s Hotel And Casino	432
3729	John Ascuaga’s Nugget	432
3730	Mgm Grand Hotel	432
3731	Harrah’s Hotels And Casinos	432
3732	Opryland Hotel	432
3733	Boca Raton Resort	432
3734	Harvey/bristol Hotels	432
3735	Hotels/motels/inns/resorts	432
3736	Colorado Belle/edgewater Resort	432
3737	Riviera Hotel And Casino	432
3738	Tropicana Resort And Casino	432
3739	Woodside Hotels And Resorts	432
3740	Townplace Suites	432
3741	Millenium Broadway Hotel	432
3742	Club Med	432
3743	Biltmore Hotel And Suites	432
3744	Carefree Resorts	432
3745	St. Regis Hotel	432
3746	The Eliot Hotel	432
3747	Clubcorp/club Resorts	432
3748	Welesley Inns	432
3749	The Beverly Hills Hotel	432
3750	Crowne Plaza Hotels	432
3751	Homewood Suites	432
3752	Peabody Hotels	432
3753	Greenbriah Resorts	432
3754	Amelia Island Planation	432
3755	The Homestead	432
3756	South Seas Resorts	432
3757	Hotels/motels/inns/resorts	432
3758	Hotels/motels/inns/resorts	432
3759	Hotels/motels/inns/resorts	432
3760	Hotels/motels/inns/resorts	432
3761	Hotels/motels/inns/resorts	432
3762	Hotels/motels/inns/resorts	432
3763	Hotels/motels/inns/resorts	432
3764	Hotels/motels/inns/resorts	432
3765	Hotels/motels/inns/resorts	432
3766	Hotels/motels/inns/resorts	432
3767	Hotels/motels/inns/resorts	432
3768	Hotels/motels/inns/resorts	432
3769	Hotels/motels/inns/resorts	432
3770	Hotels/motels/inns/resorts	432
3771	Hotels/motels/inns/resorts	432
3772	Hotels/motels/inns/resorts	432
3773	Hotels/motels/inns/resorts	432
3774	Hotels/motels/inns/resorts	432
3775	Hotels/motels/inns/resorts	432
3776	Hotels/motels/inns/resorts	432
3777	Hotels/motels/inns/resorts	432
3778	Hotels/motels/inns/resorts	432
3779	Hotels/motels/inns/resorts	432
3780	Hotels/motels/inns/resorts	432
3781	Hotels/motels/inns/resorts	432
3782	Hotels/motels/inns/resorts	432
3783	Hotels/motels/inns/resorts	432
3784	Hotels/motels/inns/resorts	432
3785	Hotels/motels/inns/resorts	432
3786	Hotels/motels/inns/resorts	432
3787	Hotels/motels/inns/resorts	432
3788	Hotels/motels/inns/resorts	432
3789	Hotels/motels/inns/resorts	432
3790	Hotels/motels/inns/resorts	432
3835	* Masters Economy Inns	432
4011	Railroads	415
4111	Local/suburban Commuter Passenger Transportation – Railroads, Feries, Local Water Transportation.	415
4112	Passenger Railways	415
4119	Ambulance Services	71
4121	Taxicabs And Limousines	420
4131	Bus Lines, Including Charters, Tour Buses	422
4214	Motor Freight Carriers, Moving And Storage Companies, Trucking – Local/long Distance, Delivery Services – Local	303
4215	Courier Services – Air Or Ground, Freight Forwarders	303
4225	Public Warehousing, Storage	262
4411	Cruise And Steamship Lines	431
4457	Boat Rentals And Leases	408
4468	Marinas, Marine Service, And Supplies	408
4511	Airlines, Air Carriers ( Not Listed Elsewhere)	415
4582	Airports, Airport Terminals, Flying Fields	425
4722	Travel Agencies And Tour Operations	440
4723	Package Tour Operators (for Use In Germany Only)	439
4784	Toll And Bridge Fees	177
4789	Transportation Services, Not Elsewhere Classified)	303
4812	Telecommunications Equipment Including Telephone Sales	189
4814	Fax Services, Telecommunication Services	189
4815	Visaphone	219
4816	Computer Network Services	209
4821	Telegraph Services	189
4829	Money Orders – Wire Transfer	219
4899	Cable And Other Pay Television (previously Cable Services)	215
4900	Electric, Gas, Sanitary And Water Utilities	61
5013	Motor Vehicle Supplies And New Parts	6
5021	Office And Commercial Furniture	157
5039	Construction Materials, Not Elsewhere Classified	137
5044	Office, Photographic, Photocopy, And Microfilm Equipment	449
5045	Computers, Computer Peripheral Equipment, Software	209
5046	Commercial Equipment, Not Elsewhere Classified	157
5047	Medical, Dental Ophthalmic, Hospital Equipment And Supplies	75
5051	Metal Service Centers And Offices	157
5065	Electrical Parts And Equipment	133
5072	Hardware Equipment And Supplies	246
5074	Plumbing And Heating Equipment And Supplies	137
5085	Industrial Supplies, Not Elsewhere Classified	157
5094	Precious Stones And Metals, Watches And Jewelry	144
5099	Durable Goods, Not Elsewhere Classified	142
5111	Stationery, Office Supplies, Printing, And Writing Paper	131
5122	Drugs, Drug Proprietors, And Druggist’s Sundries	80
5131	Piece Goods, Notions, And Other Dry Goods	142
5137	Men’s Women’s And Children’s Uniforms And Commercial Clothing	142
5139	Commercial Footwear	145
5169	Chemicals And Allied Products, Not Elsewhere Classified	208
5172	Petroleum And Petroleum Products	183
5192	Books, Periodicals, And Newspapers	130
5193	Florists’ Supplies, Nursery Stock And Flowers	148
5198	Paints, Varnishes, And Supplies	137
5199	Non-durable Goods, Not Elsewhere Classified	177
5200	Home Supply Warehouse Stores	157
5211	Lumber And Building Materials Stores	137
5231	Glass, Paint, And Wallpaper Stores	137
5251	Hardware Stores	468
5261	Nurseries – Lawn And Garden Supply Store	164
5271	Mobile Home Dealers	255
5300	Wholesale Clubs	175
5309	Duty Free Store	142
5310	Discount Stores	442
5311	Department Stores	141
5331	Variety Stores	142
5399	Misc. General Merchandise	142
5411	Grocery Stores, Supermarkets	171
5422	Meat Provisioners – Freezer And Locker	443
5441	Candy, Nut, And Confectionery Stores	151
5451	Dairy Products Stores	149
5462	Bakeries	340
5499	Misc. Food Stores – Convenience Stores And Specialty Markets	138
5511	Car And Truck Dealers (new And Used) Sales, Service, Repairs, Parts, And Leasing	4
5521	Automobile And Truck Dealers (used Only)	4
5531	Automobile Supply Stores	6
5532	Automotive Tire Stores	12
5533	Automotive Parts, Accessories Stores	6
5541	Service Stations ( With Or Without Ancillary Services)	417
5542	Automated Fuel Dispensers	417
5551	Boat Dealers	408
5561	Recreational And Utility Trailers, Camp Dealers	255
5571	Motorcycle Dealers	16
5592	Motor Home Dealers	255
5598	Snowmobile Dealers	403
5599	Miscellaneous Auto Dealers 	4
5611	Men’s And Boy’s Clothing And Accessories Stores	142
5621	Women’s Ready-to-wear Stores	142
5631	Women’s Accessory And Specialty Shops	142
5641	Children’s And Infant’s Wear Stores	132
5651	Family Clothing Stores	142
5655	Sports Apparel, Riding Apparel Stores	170
5661	Shoe Stores	145
5681	Furriers And Fur Shops	142
5691	Men’s And Women’s Clothing Stores	142
5697	Tailors, Seamstress, Mending, And Alterations	304
5698	Wig And Toupee Stores	128
5699	Miscellaneous Apparel And Accessory Shops	142
5712	Furniture, Home Furnishings, And Equipment Stores, Exceptappliances	157
5713	Floor Covering Stores	137
5714	Drapery, Window Covering And Upholstery Stores	265
5718	Fireplace, Fireplace Screens, And Accessories Stores	245
5719	Miscellaneous Home Furnishing Specialty Stores	157
5722	Household Appliance Stores	248
5732	Electronic Sales	133
5733	Music Stores, Musical Instruments, Piano Sheet Music	162
5734	Computer Software Stores	133
5735	Record Shops	162
5811	Caterers	231
5812	Eating Places And Restaurants	347
5813	Drinking Places (alcoholic Beverages), Bars, Taverns, Cocktail Lounges, Nightclubs And Discotheques	312
5814	Fast Food Restaurants	347
5832	Antique Shops – Sales, Repairs, And Restoration Services	125
5912	Drug Stores And Pharmacies	80
5921	Package Stores – Beer, Wine, And Liquor	150
5931	Used Merchandise And Secondhand Stores	142
5932	Antique Shops	125
5933	Pawn Shops And Salvage Yards	166
5935	Wrecking And Salvage Yards	18
5937	Antique Reproductions	125
5940	Bicycle Shops – Sales And Service	129
5941	Sporting Goods Stores	170
5942	Book Stores	130
5943	Stationery Stores, Office And School Supply Stores	131
5944	Watch, Clock, Jewelry, And Silverware Stores	144
5945	Hobby, Toy, And Game Shops	160
5946	Camera And Photographic Supply Stores	134
5947	Card Shops, Gift, Novelty, And Souvenir Shops	131
5948	Leather Foods Stores	149
5949	Sewing, Needle, Fabric, And Price Goods Stores	126
5950	Glassware/crystal Stores	160
5960	Direct Marketing- Insurance Service	193
5961	Mail Order Houses Including Catalog Order Stores, Book/record Clubs (no Longer Permitted For U.s. Original Presentments)	123
5962	Direct Marketing – Travel Related Arrangements Services	430
5963	Door-to-door Sales	177
5964	Direct Marketing – Catalog Merchant	193
5965	Direct Marketing – Catalog And Catalog And Retail Merchant	193
5966	Direct Marketing- Outbound Telemarketing Merchant	193
5967	Direct Marketing – Inbound Teleservices Merchant	193
5968	Direct Marketing – Continuity/subscription Merchant	193
5969	Direct Marketing – Not Elsewhere Classified	193
5970	Artist’s Supply And Craft Shops	126
5971	Art Dealers And Galleries	310
5972	Stamp And Coin Stores – Philatelic And Numismatic Supplies	160
5973	Religious Goods Stores	142
5975	Hearing Aids – Sales, Service, And Supply Stores	75
5976	Orthopedic Goods Prosthetic Devices	62
5977	Cosmetic Stores	128
5978	Typewriter Stores – Sales, Rental, Service	216
5983	Fuel – Fuel Oil, Wood, Coal, Liquefied Petroleum	183
5992	Florists	148
5993	Cigar Stores And Stands	172
5994	News Dealers And Newsstands	163
5995	Pet Shops, Pet Foods, And Supplies Stores	471
5996	Swimming Pools – Sales, Service, And Supplies	263
5997	Electric Razor Stores – Sales And Service	133
5998	Tent And Awning Shops	123
5999	Miscellaneous And Specialty Retail Stores	142
6010	Financial Institutions – Manual Cash Disbursements	219
6011	Financial Institutions – Manual Cash Disbursements	219
6012	Financial Institutions – Merchandise And Services	219
6051	Non-financial Institutions – Foreign Currency, Money Orders (not Wire Transfer) And Travelers Cheques	219
6211	Security Brokers/dealers	228
6300	Insurance Sales, Underwriting, And Premiums	272
6381	Insurance Premiums, (no Longer Valid For First Presentment Work)	272
6399	Insurance, Not Elsewhere Classified ( No Longer Valid Forfirst Presentment Work)	272
6513	Real Estate Agents And Managers - Rentals	291
7011	Lodging – Hotels, Motels, Resorts, Central Reservation Services (not Elsewhere Classified)	432
7012	Timeshares	437
7032	Sporting And Recreational Camps	388
7033	Trailer Parks And Camp Grounds	388
7210	Laundry, Cleaning, And Garment Services	278
7211	Laundry – Family And Commercial	278
7216	Dry Cleaners	278
7217	Carpet And Upholstery Cleaning	289
7221	Photographic Studios	449
7230	Barber And Beauty Shops	280
7251	Shop Repair Shops And Shoe Shine Parlors, And Hat Cleaning Shops	145
7261	Funeral Service And Crematories	233
7273	Dating And Escort Services	277
7276	Tax Preparation Service	220
7277	Counseling Service – Debt, Marriage, Personal	77
7278	Buying/shopping Services, Clubs	142
7296	Clothing Rental – Costumes, Formal Wear, Uniforms	142
7297	Massage Parlors	282
7298	Health And Beauty Shops	128
7299	Miscellaneous Personal Services ( Not Elsewhere Classifies)	277
7311	Advertising Services	193
7321	Consumer Credit Reporting Agencies	219
7332	Blueprinting And Photocopying Services	288
7333	Commercial Photography, Art And Graphics	449
7338	Quick Copy, Reproduction And Blueprinting Services	288
7339	Stenographic And Secretarial Support Services	177
7342	Exterminating And Disinfecting Services	289
7349	Cleaning And Maintenance, Janitorial Services	289
7361	Employment Agencies, Temporary Help Services	212
7372	Computer Programming, Integrated Systems Design And Data Processing Services	209
7375	Information Retrieval Services	189
7379	Computer Maintenance And Repair Services, Not Elsewhere Classified	209
7392	Management, Consulting, And Public Relations Services	274
7393	Protective And Security Services – Including Armored Carsand Guard Dogs	188
7394	Equipment Rental And Leasing Services, Tool Rental, Furniture Rental, And Appliance Rental	216
7395	Photofinishing Laboratories, Photo Developing	449
7399	Business Services, Not Elsewhere Classified	177
7511	Truck Stop	459
7512	Car Rental Companies ( Not Listed Below)	421
7513	Truck And Utility Trailer Rentals	216
7519	Motor Home And Recreational Vehicle Rentals	255
7523	Automobile Parking Lots And Garages	418
7531	Automotive Body Repair Shops	9
7534	Tire Re-treading And Repair Shops	12
7535	Paint Shops – Automotive	9
7538	Automotive Service Shops	9
7542	Car Washes	7
7549	Towing Services	19
7622	Radio Repair Shops	302
7623	Air Conditioning And Refrigeration Repair Shops	302
7629	Electrical And Small Appliance Repair Shops	302
7631	Watch, Clock, And Jewelry Repair	144
7641	Furniture, Furniture Repair, And Furniture Refinishing	302
7692	Welding Repair	302
7699	Repair Shops And Related Services –miscellaneous	302
7829	Motion Pictures And Video Tape Production And Distribution	214
7832	Motion Picture Theaters	332
7841	Video Tape Rental Stores	162
7911	Dance Halls, Studios And Schools	326
7922	Theatrical Producers (except Motion Pictures), Ticket Agencies	214
7929	Bands, Orchestras, And Miscellaneous Entertainers (not Elsewhere Classified)	214
7932	Billiard And Pool Establishments	320
7933	Bowling Alleys	322
7941	Commercial Sports, Athletic Fields, Professional Sport Clubs, And Sport Promoters	373
7991	Tourist Attractions And Exhibits	439
7992	Golf Courses – Public	451
7993	Video Amusement Game Supplies	136
7994	Video Game Arcades/establishments	136
7995	Betting (including Lottery Tickets, Casino Gaming Chips, Off-track Betting And Wagers)	214
7996	Amusement Parks, Carnivals, Circuses, Fortune Tellers	319
7997	Membership Clubs (sports, Recreation, Athletic), Country Clubs, And Private Golf Courses	405
7998	Aquariums, Sea-aquariums, Dolphinariums	371
7999	Recreation Services (not Elsewhere Classified)	214
8011	Doctors And Physicians (not Elsewhere Classified)	83
8021	Dentists And Orthodontists	69
8031	Osteopaths	83
8041	Chiropractors	68
8042	Optometrists And Ophthalmologists	159
8043	Opticians, Opticians Goods And Eyeglasses	159
8044	Opticians, Optical Goods, And Eyeglasses (no Longer Validfor First Presentments)	159
8049	Podiatrists And Chiropodists	104
8050	Nursing And Personal Care Facilities	66
8062	Hospitals	74
8071	Medical And Dental Laboratories	75
8099	Medical Services And Health Practitioners (not Elsewhere Classified)	62
8111	Legal Services And Attorneys	269
8211	Elementary And Secondary Schools	34
8220	Colleges, Junior Colleges, Universities, And Professionalschools	29
8241	Correspondence Schools	26
8244	Business And Secretarial Schools	26
8249	Vocational Schools And Trade Schools	36
8299	Schools And Educational Services ( Not Elsewhere Classified)	26
8351	Child Care Services	23
8398	Charitable And Social Service Organizations	48
8641	Civic, Fraternal, And Social Associations	47
8651	Political Organizations	47
8661	Religious Organizations	53
8675	Automobile Associations	47
8699	Membership Organizations ( Not Elsewhere Classified)	47
8734	Testing Laboratories ( Non-medical)	187
8911	Architectural – Engineering And Surveying Services	236
8931	Accounting, Auditing, And Bookkeeping Services	220
8999	Professional Services ( Not Elsewhere Defined)	177
9211	Court Costs, Including Alimony And Child Support	269
9222	Fines	269
9223	Bail And Bond Payments	269
9311	Tax Payments	219
9399	Government Services ( Not Elsewhere Classified)	20
9402	Postal Services – Government Only	51
9405	Intra – Government Transactions	37
9700	Automated Referral Service ( For Visa Only)	177
9701	Visa Credential Service ( For Visa Only)	177
9702	Gcas Emergency Services ( For Visa Only)	177
9950	Intra – Company Purchases ( For Visa Only)	177
